txn_id,timestamp,product,qty,unit_price,amount,payment_method
POS1000,2025-06-01 11:14:00,Cooking Oil 5L,1,12000,12000,Bank Transfer
POS1001,2025-06-01 16:05:00,Sugar 1kg,1,1200,1200,Bank Transfer
POS1002,2025-06-01 11:14:00,Soft Drinks (crate),1,3200,3200,POS Card
POS1003,2025-06-01 18:44:00,Rice 50kg,5,45000,225000,POS Card
POS1004,2025-06-01 12:51:00,Soft Drinks (crate),2,3200,6400,POS Card
POS1005,2025-06-01 13:17:00,Rice 50kg,2,45000,90000,Bank Transfer
POS1006,2025-06-01 13:06:00,Sugar 1kg,2,1200,2400,Cash
POS1007,2025-06-01 13:38:00,Cooking Oil 5L,4,12000,48000,POS Card
POS1008,2025-06-01 16:07:00,Detergent 1kg,1,2500,2500,Bank Transfer
POS1009,2025-06-01 18:39:00,Soft Drinks (crate),1,3200,3200,Bank Transfer
POS1010,2025-06-01 09:02:00,Bottled Water (crate),5,2000,10000,POS Card
POS1011,2025-06-01 11:55:00,Milk Powder 400g,3,3500,10500,Cash
POS1012,2025-06-01 18:53:00,Cooking Oil 5L,4,12000,48000,POS Card
POS1013,2025-06-01 11:42:00,Bottled Water (crate),2,2000,4000,POS Card
POS1014,2025-06-01 10:34:00,Detergent 1kg,1,2500,2500,Bank Transfer
POS1015,2025-06-01 12:59:00,Milk Powder 400g,2,3500,7000,POS Card
POS1016,2025-06-01 20:03:00,Milk Powder 400g,3,3500,10500,Cash
POS1017,2025-06-01 14:17:00,Milk Powder 400g,1,3500,3500,Cash
POS1018,2025-06-01 17:56:00,Cooking Oil 5L,2,12000,24000,Cash
POS1019,2025-06-01 14:56:00,Bottled Water (crate),2,2000,4000,Bank Transfer
POS1020,2025-06-01 11:47:00,Spaghetti (carton),2,9500,19000,POS Card
POS1021,2025-06-01 17:25:00,Detergent 1kg,5,2500,12500,POS Card
POS1022,2025-06-01 10:32:00,Bottled Water (crate),2,2000,4000,Cash
POS1023,2025-06-01 09:09:00,Spaghetti (carton),1,9500,9500,Bank Transfer
POS1024,2025-06-01 14:24:00,Sugar 1kg,4,1200,4800,Bank Transfer
POS1025,2025-06-02 16:55:00,Spaghetti (carton),5,9500,47500,POS Card
POS1026,2025-06-02 16:48:00,Rice 50kg,1,45000,45000,Bank Transfer
POS1027,2025-06-02 14:10:00,Detergent 1kg,3,2500,7500,POS Card
POS1028,2025-06-02 19:16:00,Spaghetti (carton),1,9500,9500,Cash
POS1029,2025-06-02 18:19:00,Sugar 1kg,5,1200,6000,Cash
POS1030,2025-06-02 10:34:00,Milk Powder 400g,2,3500,7000,POS Card
POS1031,2025-06-02 08:07:00,Rice 50kg,5,45000,225000,POS Card
POS1032,2025-06-02 11:56:00,Bottled Water (crate),3,2000,6000,POS Card
POS1033,2025-06-02 09:48:00,Cooking Oil 5L,1,12000,12000,Bank Transfer
POS1034,2025-06-02 16:10:00,Sugar 1kg,2,1200,2400,Bank Transfer
POS1035,2025-06-02 14:13:00,Detergent 1kg,5,2500,12500,Cash
POS1036,2025-06-02 18:41:00,Milk Powder 400g,3,3500,10500,POS Card
POS1037,2025-06-02 15:07:00,Bottled Water (crate),4,2000,8000,Cash
POS1038,2025-06-02 08:37:00,Milk Powder 400g,2,3500,7000,POS Card
POS1039,2025-06-02 09:45:00,Milk Powder 400g,5,3500,17500,POS Card
POS1040,2025-06-02 08:55:00,Rice 50kg,2,45000,90000,POS Card
POS1041,2025-06-02 12:42:00,Bottled Water (crate),1,2000,2000,POS Card
POS1042,2025-06-02 19:59:00,Spaghetti (carton),2,9500,19000,POS Card
POS1043,2025-06-02 20:26:00,Spaghetti (carton),2,9500,19000,Bank Transfer
POS1044,2025-06-02 14:22:00,Milk Powder 400g,1,3500,3500,POS Card
POS1045,2025-06-02 19:03:00,Soft Drinks (crate),4,3200,12800,POS Card
POS1046,2025-06-02 13:51:00,Cooking Oil 5L,1,12000,12000,POS Card
POS1047,2025-06-02 16:28:00,Cooking Oil 5L,2,12000,24000,POS Card
POS1048,2025-06-02 15:15:00,Sugar 1kg,4,1200,4800,POS Card
POS1049,2025-06-02 16:06:00,Cooking Oil 5L,4,12000,48000,Cash
POS1050,2025-06-03 09:59:00,Rice 50kg,5,45000,225000,Cash
POS1051,2025-06-03 15:13:00,Milk Powder 400g,2,3500,7000,POS Card
POS1052,2025-06-03 08:24:00,Soft Drinks (crate),1,3200,3200,POS Card
POS1053,2025-06-03 19:46:00,Detergent 1kg,4,2500,10000,POS Card
POS1054,2025-06-03 11:03:00,Spaghetti (carton),2,9500,19000,POS Card
POS1055,2025-06-03 17:30:00,Rice 50kg,3,45000,135000,POS Card
POS1056,2025-06-03 09:54:00,Sugar 1kg,1,1200,1200,Cash
POS1057,2025-06-03 18:55:00,Sugar 1kg,1,1200,1200,Bank Transfer
POS1058,2025-06-03 17:15:00,Milk Powder 400g,4,3500,14000,POS Card
POS1059,2025-06-03 18:37:00,Rice 50kg,5,45000,225000,POS Card
POS1060,2025-06-03 19:20:00,Bottled Water (crate),3,2000,6000,POS Card
POS1061,2025-06-03 18:41:00,Milk Powder 400g,3,3500,10500,POS Card
POS1062,2025-06-03 20:59:00,Detergent 1kg,4,2500,10000,POS Card
POS1063,2025-06-03 17:06:00,Cooking Oil 5L,1,12000,12000,POS Card
POS1064,2025-06-03 12:08:00,Cooking Oil 5L,5,12000,60000,POS Card
POS1065,2025-06-03 13:18:00,Bottled Water (crate),1,2000,2000,Cash
POS1066,2025-06-03 19:19:00,Sugar 1kg,4,1200,4800,Cash
POS1067,2025-06-03 18:06:00,Rice 50kg,5,45000,225000,POS Card
POS1068,2025-06-03 09:47:00,Sugar 1kg,3,1200,3600,POS Card
POS1069,2025-06-03 11:45:00,Sugar 1kg,3,1200,3600,POS Card
POS1070,2025-06-03 12:32:00,Bottled Water (crate),2,2000,4000,Bank Transfer
POS1071,2025-06-03 08:05:00,Spaghetti (carton),3,9500,28500,Cash
POS1072,2025-06-03 13:49:00,Soft Drinks (crate),3,3200,9600,POS Card
POS1073,2025-06-03 15:35:00,Sugar 1kg,3,1200,3600,POS Card
POS1074,2025-06-03 09:56:00,Soft Drinks (crate),5,3200,16000,POS Card
POS1075,2025-06-04 13:37:00,Sugar 1kg,5,1200,6000,POS Card
POS1076,2025-06-04 12:23:00,Sugar 1kg,4,1200,4800,POS Card
POS1077,2025-06-04 11:42:00,Rice 50kg,3,45000,135000,POS Card
POS1078,2025-06-04 14:39:00,Cooking Oil 5L,3,12000,36000,Bank Transfer
POS1079,2025-06-04 20:51:00,Sugar 1kg,2,1200,2400,Cash
POS1080,2025-06-04 19:59:00,Sugar 1kg,4,1200,4800,POS Card
POS1081,2025-06-04 19:51:00,Bottled Water (crate),4,2000,8000,Cash
POS1082,2025-06-04 19:06:00,Milk Powder 400g,3,3500,10500,POS Card
POS1083,2025-06-04 11:12:00,Soft Drinks (crate),1,3200,3200,Cash
POS1084,2025-06-04 20:55:00,Spaghetti (carton),3,9500,28500,POS Card
POS1085,2025-06-04 11:25:00,Milk Powder 400g,2,3500,7000,POS Card
POS1086,2025-06-04 20:17:00,Bottled Water (crate),3,2000,6000,Cash
POS1087,2025-06-04 16:21:00,Bottled Water (crate),5,2000,10000,POS Card
POS1088,2025-06-04 12:11:00,Rice 50kg,1,45000,45000,Cash
POS1089,2025-06-04 14:22:00,Detergent 1kg,1,2500,2500,POS Card
POS1090,2025-06-04 16:07:00,Bottled Water (crate),4,2000,8000,Bank Transfer
POS1091,2025-06-04 08:45:00,Soft Drinks (crate),5,3200,16000,POS Card
POS1092,2025-06-04 20:34:00,Soft Drinks (crate),1,3200,3200,POS Card
POS1093,2025-06-04 18:58:00,Milk Powder 400g,3,3500,10500,POS Card
POS1094,2025-06-04 09:46:00,Bottled Water (crate),5,2000,10000,POS Card
POS1095,2025-06-04 14:20:00,Detergent 1kg,5,2500,12500,POS Card
POS1096,2025-06-04 11:26:00,Soft Drinks (crate),3,3200,9600,Bank Transfer
POS1097,2025-06-04 12:25:00,Soft Drinks (crate),2,3200,6400,Bank Transfer
POS1098,2025-06-04 14:50:00,Rice 50kg,3,45000,135000,POS Card
POS1099,2025-06-04 18:13:00,Bottled Water (crate),4,2000,8000,POS Card
POS1100,2025-06-05 12:32:00,Spaghetti (carton),2,9500,19000,Bank Transfer
POS1101,2025-06-05 20:15:00,Bottled Water (crate),1,2000,2000,Cash
POS1102,2025-06-05 10:01:00,Detergent 1kg,2,2500,5000,Cash
POS1103,2025-06-05 17:54:00,Rice 50kg,2,45000,90000,Cash
POS1104,2025-06-05 18:36:00,Cooking Oil 5L,4,12000,48000,POS Card
POS1105,2025-06-05 11:09:00,Milk Powder 400g,4,3500,14000,POS Card
POS1106,2025-06-05 11:11:00,Rice 50kg,1,45000,45000,Bank Transfer
POS1107,2025-06-05 09:29:00,Spaghetti (carton),1,9500,9500,Bank Transfer
POS1108,2025-06-05 16:38:00,Sugar 1kg,4,1200,4800,Bank Transfer
POS1109,2025-06-05 19:57:00,Bottled Water (crate),4,2000,8000,Bank Transfer
POS1110,2025-06-05 10:47:00,Soft Drinks (crate),5,3200,16000,POS Card
POS1111,2025-06-05 11:53:00,Spaghetti (carton),4,9500,38000,POS Card
POS1112,2025-06-05 11:17:00,Detergent 1kg,5,2500,12500,POS Card
POS1113,2025-06-05 11:17:00,Spaghetti (carton),1,9500,9500,Bank Transfer
POS1114,2025-06-05 09:08:00,Bottled Water (crate),3,2000,6000,Cash
POS1115,2025-06-05 10:45:00,Sugar 1kg,2,1200,2400,POS Card
POS1116,2025-06-05 13:34:00,Milk Powder 400g,1,3500,3500,POS Card
POS1117,2025-06-05 14:24:00,Spaghetti (carton),4,9500,38000,POS Card
POS1118,2025-06-05 08:22:00,Rice 50kg,5,45000,225000,POS Card
POS1119,2025-06-05 14:34:00,Detergent 1kg,4,2500,10000,Cash
POS1120,2025-06-05 14:31:00,Milk Powder 400g,4,3500,14000,POS Card
POS1121,2025-06-05 18:51:00,Rice 50kg,4,45000,180000,POS Card
POS1122,2025-06-05 10:39:00,Soft Drinks (crate),2,3200,6400,Cash
POS1123,2025-06-05 18:01:00,Rice 50kg,4,45000,180000,Bank Transfer
POS1124,2025-06-05 15:11:00,Cooking Oil 5L,4,12000,48000,POS Card
POS1125,2025-06-06 11:29:00,Rice 50kg,3,45000,135000,POS Card
POS1126,2025-06-06 14:17:00,Bottled Water (crate),3,2000,6000,Bank Transfer
POS1127,2025-06-06 15:01:00,Soft Drinks (crate),3,3200,9600,Cash
POS1128,2025-06-06 09:49:00,Rice 50kg,3,45000,135000,POS Card
POS1129,2025-06-06 11:53:00,Rice 50kg,1,45000,45000,Cash
POS1130,2025-06-06 10:30:00,Rice 50kg,5,45000,225000,POS Card
POS1131,2025-06-06 15:44:00,Cooking Oil 5L,5,12000,60000,Cash
POS1132,2025-06-06 17:47:00,Detergent 1kg,3,2500,7500,POS Card
POS1133,2025-06-06 09:37:00,Cooking Oil 5L,2,12000,24000,Cash
POS1134,2025-06-06 14:25:00,Rice 50kg,3,45000,135000,Bank Transfer
POS1135,2025-06-06 18:15:00,Milk Powder 400g,1,3500,3500,Bank Transfer
POS1136,2025-06-06 17:51:00,Cooking Oil 5L,3,12000,36000,Cash
POS1137,2025-06-06 13:34:00,Cooking Oil 5L,5,12000,60000,Bank Transfer
POS1138,2025-06-06 18:21:00,Soft Drinks (crate),3,3200,9600,POS Card
POS1139,2025-06-06 09:27:00,Rice 50kg,4,45000,180000,Cash
POS1140,2025-06-06 14:11:00,Bottled Water (crate),4,2000,8000,Bank Transfer
POS1141,2025-06-06 16:49:00,Detergent 1kg,5,2500,12500,Cash
POS1142,2025-06-06 19:37:00,Spaghetti (carton),4,9500,38000,POS Card
POS1143,2025-06-06 09:17:00,Detergent 1kg,3,2500,7500,Cash
POS1144,2025-06-06 17:39:00,Spaghetti (carton),2,9500,19000,Bank Transfer
POS1145,2025-06-06 13:11:00,Soft Drinks (crate),3,3200,9600,POS Card
POS1146,2025-06-06 12:21:00,Spaghetti (carton),2,9500,19000,POS Card
POS1147,2025-06-06 12:35:00,Detergent 1kg,5,2500,12500,Bank Transfer
POS1148,2025-06-06 09:15:00,Rice 50kg,5,45000,225000,Cash
POS1149,2025-06-06 11:44:00,Soft Drinks (crate),4,3200,12800,Bank Transfer
POS1150,2025-06-07 08:05:00,Spaghetti (carton),4,9500,38000,POS Card
POS1151,2025-06-07 11:19:00,Detergent 1kg,2,2500,5000,POS Card
POS1152,2025-06-07 13:27:00,Bottled Water (crate),4,2000,8000,Bank Transfer
POS1153,2025-06-07 12:19:00,Bottled Water (crate),3,2000,6000,Bank Transfer
POS1154,2025-06-07 11:20:00,Detergent 1kg,2,2500,5000,POS Card
POS1155,2025-06-07 19:11:00,Cooking Oil 5L,5,12000,60000,Cash
POS1156,2025-06-07 12:46:00,Milk Powder 400g,2,3500,7000,Bank Transfer
POS1157,2025-06-07 12:14:00,Detergent 1kg,1,2500,2500,Cash
POS1158,2025-06-07 19:34:00,Bottled Water (crate),2,2000,4000,POS Card
POS1159,2025-06-07 08:35:00,Sugar 1kg,3,1200,3600,POS Card
POS1160,2025-06-07 20:31:00,Detergent 1kg,2,2500,5000,Bank Transfer
POS1161,2025-06-07 15:30:00,Cooking Oil 5L,1,12000,12000,Bank Transfer
POS1162,2025-06-07 08:16:00,Spaghetti (carton),3,9500,28500,POS Card
POS1163,2025-06-07 14:31:00,Spaghetti (carton),1,9500,9500,Cash
POS1164,2025-06-07 08:09:00,Cooking Oil 5L,5,12000,60000,Bank Transfer
POS1165,2025-06-07 09:15:00,Sugar 1kg,5,1200,6000,Cash
POS1166,2025-06-07 17:38:00,Cooking Oil 5L,5,12000,60000,Bank Transfer
POS1167,2025-06-07 15:19:00,Milk Powder 400g,5,3500,17500,POS Card
POS1168,2025-06-07 08:39:00,Soft Drinks (crate),3,3200,9600,Bank Transfer
POS1169,2025-06-07 12:42:00,Cooking Oil 5L,2,12000,24000,Bank Transfer
POS1170,2025-06-07 16:04:00,Cooking Oil 5L,2,12000,24000,POS Card
POS1171,2025-06-07 19:38:00,Sugar 1kg,1,1200,1200,POS Card
POS1172,2025-06-07 12:45:00,Spaghetti (carton),3,9500,28500,POS Card
POS1173,2025-06-07 11:59:00,Detergent 1kg,4,2500,10000,POS Card
POS1174,2025-06-07 11:27:00,Detergent 1kg,5,2500,12500,Bank Transfer
POS1175,2025-06-08 10:58:00,Cooking Oil 5L,5,12000,60000,POS Card
POS1176,2025-06-08 10:50:00,Detergent 1kg,2,2500,5000,POS Card
POS1177,2025-06-08 17:58:00,Detergent 1kg,5,2500,12500,Bank Transfer
POS1178,2025-06-08 19:19:00,Detergent 1kg,4,2500,10000,POS Card
POS1179,2025-06-08 15:28:00,Soft Drinks (crate),3,3200,9600,POS Card
POS1180,2025-06-08 14:47:00,Cooking Oil 5L,5,12000,60000,POS Card
POS1181,2025-06-08 09:14:00,Bottled Water (crate),5,2000,10000,POS Card
POS1182,2025-06-08 20:48:00,Rice 50kg,3,45000,135000,Bank Transfer
POS1183,2025-06-08 15:58:00,Sugar 1kg,4,1200,4800,POS Card
POS1184,2025-06-08 14:40:00,Detergent 1kg,2,2500,5000,Cash
POS1185,2025-06-08 14:21:00,Spaghetti (carton),1,9500,9500,POS Card
POS1186,2025-06-08 13:26:00,Bottled Water (crate),1,2000,2000,Cash
POS1187,2025-06-08 14:52:00,Spaghetti (carton),3,9500,28500,Bank Transfer
POS1188,2025-06-08 12:20:00,Rice 50kg,4,45000,180000,POS Card
POS1189,2025-06-08 08:42:00,Cooking Oil 5L,4,12000,48000,Cash
POS1190,2025-06-08 16:23:00,Spaghetti (carton),4,9500,38000,POS Card
POS1191,2025-06-08 11:17:00,Spaghetti (carton),4,9500,38000,Bank Transfer
POS1192,2025-06-08 19:31:00,Sugar 1kg,3,1200,3600,POS Card
POS1193,2025-06-08 17:51:00,Cooking Oil 5L,1,12000,12000,Cash
POS1194,2025-06-08 08:35:00,Milk Powder 400g,2,3500,7000,POS Card
POS1195,2025-06-08 09:29:00,Soft Drinks (crate),1,3200,3200,POS Card
POS1196,2025-06-08 19:18:00,Cooking Oil 5L,2,12000,24000,POS Card
POS1197,2025-06-08 15:15:00,Detergent 1kg,4,2500,10000,Cash
POS1198,2025-06-08 11:58:00,Spaghetti (carton),5,9500,47500,POS Card
POS1199,2025-06-08 20:54:00,Sugar 1kg,1,1200,1200,POS Card
POS1200,2025-06-09 16:17:00,Soft Drinks (crate),3,3200,9600,Cash
POS1201,2025-06-09 17:37:00,Rice 50kg,3,45000,135000,Bank Transfer
POS1202,2025-06-09 15:22:00,Spaghetti (carton),2,9500,19000,POS Card
POS1203,2025-06-09 14:29:00,Bottled Water (crate),5,2000,10000,Bank Transfer
POS1204,2025-06-09 11:36:00,Bottled Water (crate),2,2000,4000,Cash
POS1205,2025-06-09 14:02:00,Soft Drinks (crate),2,3200,6400,Cash
POS1206,2025-06-09 20:24:00,Bottled Water (crate),4,2000,8000,Bank Transfer
POS1207,2025-06-09 08:08:00,Soft Drinks (crate),2,3200,6400,POS Card
POS1208,2025-06-09 15:06:00,Bottled Water (crate),1,2000,2000,Cash
POS1209,2025-06-09 14:55:00,Spaghetti (carton),1,9500,9500,Bank Transfer
POS1210,2025-06-09 12:21:00,Sugar 1kg,1,1200,1200,POS Card
POS1211,2025-06-09 18:54:00,Soft Drinks (crate),1,3200,3200,Cash
POS1212,2025-06-09 20:31:00,Soft Drinks (crate),3,3200,9600,Bank Transfer
POS1213,2025-06-09 18:43:00,Rice 50kg,5,45000,225000,POS Card
POS1214,2025-06-09 14:06:00,Detergent 1kg,2,2500,5000,Bank Transfer
POS1215,2025-06-09 12:57:00,Cooking Oil 5L,4,12000,48000,POS Card
POS1216,2025-06-09 08:18:00,Rice 50kg,1,45000,45000,POS Card
POS1217,2025-06-09 11:33:00,Bottled Water (crate),3,2000,6000,POS Card
POS1218,2025-06-09 10:10:00,Soft Drinks (crate),5,3200,16000,Bank Transfer
POS1219,2025-06-09 14:39:00,Sugar 1kg,1,1200,1200,Bank Transfer
POS1220,2025-06-09 10:14:00,Milk Powder 400g,4,3500,14000,Cash
POS1221,2025-06-09 18:00:00,Spaghetti (carton),3,9500,28500,POS Card
POS1222,2025-06-09 10:04:00,Spaghetti (carton),3,9500,28500,Bank Transfer
POS1223,2025-06-09 12:40:00,Spaghetti (carton),3,9500,28500,Cash
POS1224,2025-06-09 12:12:00,Soft Drinks (crate),3,3200,9600,POS Card
POS1225,2025-06-10 14:36:00,Soft Drinks (crate),4,3200,12800,POS Card
POS1226,2025-06-10 19:18:00,Bottled Water (crate),5,2000,10000,POS Card
POS1227,2025-06-10 17:55:00,Rice 50kg,4,45000,180000,POS Card
POS1228,2025-06-10 12:49:00,Rice 50kg,5,45000,225000,Bank Transfer
POS1229,2025-06-10 11:40:00,Milk Powder 400g,5,3500,17500,Cash
POS1230,2025-06-10 20:46:00,Milk Powder 400g,5,3500,17500,POS Card
POS1231,2025-06-10 18:02:00,Sugar 1kg,1,1200,1200,Cash
POS1232,2025-06-10 13:46:00,Detergent 1kg,4,2500,10000,POS Card
POS1233,2025-06-10 13:47:00,Sugar 1kg,1,1200,1200,Cash
POS1234,2025-06-10 20:34:00,Soft Drinks (crate),2,3200,6400,POS Card
POS1235,2025-06-10 12:53:00,Bottled Water (crate),5,2000,10000,POS Card
POS1236,2025-06-10 15:51:00,Sugar 1kg,3,1200,3600,Cash
POS1237,2025-06-10 15:04:00,Detergent 1kg,3,2500,7500,Cash
POS1238,2025-06-10 19:43:00,Sugar 1kg,2,1200,2400,Cash
POS1239,2025-06-10 20:25:00,Soft Drinks (crate),5,3200,16000,POS Card
POS1240,2025-06-10 15:23:00,Rice 50kg,3,45000,135000,POS Card
POS1241,2025-06-10 18:23:00,Detergent 1kg,5,2500,12500,POS Card
POS1242,2025-06-10 17:56:00,Cooking Oil 5L,2,12000,24000,POS Card
POS1243,2025-06-10 09:40:00,Bottled Water (crate),5,2000,10000,POS Card
POS1244,2025-06-10 09:08:00,Spaghetti (carton),3,9500,28500,Bank Transfer
POS1245,2025-06-10 15:07:00,Rice 50kg,1,45000,45000,POS Card
POS1246,2025-06-10 10:24:00,Cooking Oil 5L,2,12000,24000,Cash
POS1247,2025-06-10 19:44:00,Spaghetti (carton),3,9500,28500,Bank Transfer
POS1248,2025-06-10 10:56:00,Soft Drinks (crate),5,3200,16000,Bank Transfer
POS1249,2025-06-10 17:26:00,Soft Drinks (crate),1,3200,3200,Cash
POS1250,2025-06-11 11:28:00,Detergent 1kg,1,2500,2500,Bank Transfer
POS1251,2025-06-11 09:43:00,Spaghetti (carton),2,9500,19000,Cash
POS1252,2025-06-11 18:22:00,Bottled Water (crate),5,2000,10000,Cash
POS1253,2025-06-11 09:54:00,Rice 50kg,4,45000,180000,POS Card
POS1254,2025-06-11 18:40:00,Spaghetti (carton),1,9500,9500,Bank Transfer
POS1255,2025-06-11 11:08:00,Rice 50kg,1,45000,45000,Bank Transfer
POS1256,2025-06-11 16:13:00,Milk Powder 400g,1,3500,3500,Cash
POS1257,2025-06-11 10:50:00,Milk Powder 400g,2,3500,7000,POS Card
POS1258,2025-06-11 10:08:00,Rice 50kg,3,45000,135000,Cash
POS1259,2025-06-11 08:08:00,Detergent 1kg,2,2500,5000,POS Card
POS1260,2025-06-11 11:37:00,Rice 50kg,3,45000,135000,Bank Transfer
POS1261,2025-06-11 08:08:00,Bottled Water (crate),1,2000,2000,POS Card
POS1262,2025-06-11 09:30:00,Soft Drinks (crate),5,3200,16000,POS Card
POS1263,2025-06-11 09:28:00,Spaghetti (carton),3,9500,28500,POS Card
POS1264,2025-06-11 20:58:00,Milk Powder 400g,5,3500,17500,POS Card
POS1265,2025-06-11 08:03:00,Detergent 1kg,4,2500,10000,Bank Transfer
POS1266,2025-06-11 09:31:00,Spaghetti (carton),4,9500,38000,POS Card
POS1267,2025-06-11 13:38:00,Spaghetti (carton),1,9500,9500,Cash
POS1268,2025-06-11 17:40:00,Sugar 1kg,1,1200,1200,POS Card
POS1269,2025-06-11 16:18:00,Bottled Water (crate),4,2000,8000,Cash
POS1270,2025-06-11 09:50:00,Spaghetti (carton),5,9500,47500,Bank Transfer
POS1271,2025-06-11 11:27:00,Cooking Oil 5L,5,12000,60000,Bank Transfer
POS1272,2025-06-11 15:25:00,Spaghetti (carton),2,9500,19000,POS Card
POS1273,2025-06-11 13:42:00,Soft Drinks (crate),1,3200,3200,POS Card
POS1274,2025-06-11 18:59:00,Detergent 1kg,3,2500,7500,Cash
POS1275,2025-06-12 09:05:00,Spaghetti (carton),1,9500,9500,POS Card
POS1276,2025-06-12 13:51:00,Soft Drinks (crate),1,3200,3200,Bank Transfer
POS1277,2025-06-12 16:35:00,Sugar 1kg,5,1200,6000,POS Card
POS1278,2025-06-12 18:48:00,Bottled Water (crate),1,2000,2000,POS Card
POS1279,2025-06-12 17:19:00,Soft Drinks (crate),1,3200,3200,Cash
POS1280,2025-06-12 11:09:00,Bottled Water (crate),1,2000,2000,Bank Transfer
POS1281,2025-06-12 13:54:00,Spaghetti (carton),2,9500,19000,Cash
POS1282,2025-06-12 17:14:00,Bottled Water (crate),1,2000,2000,Bank Transfer
POS1283,2025-06-12 17:39:00,Soft Drinks (crate),5,3200,16000,Cash
POS1284,2025-06-12 19:17:00,Rice 50kg,5,45000,225000,Cash
POS1285,2025-06-12 20:19:00,Rice 50kg,2,45000,90000,POS Card
POS1286,2025-06-12 10:36:00,Bottled Water (crate),3,2000,6000,POS Card
POS1287,2025-06-12 18:01:00,Soft Drinks (crate),1,3200,3200,POS Card
POS1288,2025-06-12 14:29:00,Cooking Oil 5L,5,12000,60000,POS Card
POS1289,2025-06-12 19:20:00,Bottled Water (crate),2,2000,4000,POS Card
POS1290,2025-06-12 20:39:00,Cooking Oil 5L,1,12000,12000,POS Card
POS1291,2025-06-12 18:27:00,Rice 50kg,1,45000,45000,POS Card
POS1292,2025-06-12 12:13:00,Spaghetti (carton),5,9500,47500,POS Card
POS1293,2025-06-12 12:43:00,Cooking Oil 5L,3,12000,36000,POS Card
POS1294,2025-06-12 08:14:00,Spaghetti (carton),5,9500,47500,Bank Transfer
POS1295,2025-06-12 11:19:00,Soft Drinks (crate),5,3200,16000,POS Card
POS1296,2025-06-12 12:20:00,Milk Powder 400g,2,3500,7000,Bank Transfer
POS1297,2025-06-12 14:11:00,Cooking Oil 5L,1,12000,12000,POS Card
POS1298,2025-06-12 11:32:00,Sugar 1kg,4,1200,4800,POS Card
POS1299,2025-06-12 19:02:00,Bottled Water (crate),1,2000,2000,POS Card
POS1300,2025-06-13 09:55:00,Soft Drinks (crate),1,3200,3200,POS Card
POS1301,2025-06-13 14:45:00,Bottled Water (crate),5,2000,10000,POS Card
POS1302,2025-06-13 08:20:00,Soft Drinks (crate),3,3200,9600,POS Card
POS1303,2025-06-13 19:58:00,Sugar 1kg,5,1200,6000,POS Card
POS1304,2025-06-13 09:15:00,Bottled Water (crate),1,2000,2000,POS Card
POS1305,2025-06-13 09:25:00,Soft Drinks (crate),5,3200,16000,POS Card
POS1306,2025-06-13 20:10:00,Detergent 1kg,3,2500,7500,POS Card
POS1307,2025-06-13 16:32:00,Cooking Oil 5L,5,12000,60000,Bank Transfer
POS1308,2025-06-13 18:52:00,Milk Powder 400g,3,3500,10500,POS Card
POS1309,2025-06-13 12:12:00,Sugar 1kg,2,1200,2400,POS Card
POS1310,2025-06-13 20:41:00,Sugar 1kg,5,1200,6000,POS Card
POS1311,2025-06-13 18:31:00,Cooking Oil 5L,2,12000,24000,Cash
POS1312,2025-06-13 15:43:00,Spaghetti (carton),5,9500,47500,Bank Transfer
POS1313,2025-06-13 09:30:00,Bottled Water (crate),3,2000,6000,POS Card
POS1314,2025-06-13 17:03:00,Spaghetti (carton),3,9500,28500,Bank Transfer
POS1315,2025-06-13 15:28:00,Bottled Water (crate),5,2000,10000,POS Card
POS1316,2025-06-13 12:04:00,Rice 50kg,1,45000,45000,POS Card
POS1317,2025-06-13 14:29:00,Cooking Oil 5L,5,12000,60000,Bank Transfer
POS1318,2025-06-13 17:41:00,Rice 50kg,4,45000,180000,Cash
POS1319,2025-06-13 16:09:00,Milk Powder 400g,3,3500,10500,Bank Transfer
POS1320,2025-06-13 13:45:00,Rice 50kg,4,45000,180000,POS Card
POS1321,2025-06-13 08:15:00,Cooking Oil 5L,5,12000,60000,Bank Transfer
POS1322,2025-06-13 17:10:00,Spaghetti (carton),4,9500,38000,POS Card
POS1323,2025-06-13 14:26:00,Bottled Water (crate),3,2000,6000,Cash
POS1324,2025-06-13 18:41:00,Bottled Water (crate),5,2000,10000,POS Card
POS1325,2025-06-14 16:43:00,Bottled Water (crate),1,2000,2000,POS Card
POS1326,2025-06-14 18:58:00,Soft Drinks (crate),3,3200,9600,POS Card
POS1327,2025-06-14 18:09:00,Sugar 1kg,3,1200,3600,POS Card
POS1328,2025-06-14 19:42:00,Bottled Water (crate),3,2000,6000,Cash
POS1329,2025-06-14 09:19:00,Soft Drinks (crate),2,3200,6400,Bank Transfer
POS1330,2025-06-14 18:44:00,Soft Drinks (crate),3,3200,9600,Cash
POS1331,2025-06-14 08:23:00,Cooking Oil 5L,4,12000,48000,POS Card
POS1332,2025-06-14 13:49:00,Detergent 1kg,2,2500,5000,Cash
POS1333,2025-06-14 10:09:00,Spaghetti (carton),2,9500,19000,POS Card
POS1334,2025-06-14 09:32:00,Cooking Oil 5L,3,12000,36000,Cash
POS1335,2025-06-14 17:08:00,Rice 50kg,3,45000,135000,Cash
POS1336,2025-06-14 19:49:00,Soft Drinks (crate),2,3200,6400,POS Card
POS1337,2025-06-14 13:43:00,Sugar 1kg,4,1200,4800,POS Card
POS1338,2025-06-14 20:47:00,Milk Powder 400g,4,3500,14000,Bank Transfer
POS1339,2025-06-14 12:51:00,Spaghetti (carton),2,9500,19000,POS Card
POS1340,2025-06-14 17:28:00,Spaghetti (carton),2,9500,19000,POS Card
POS1341,2025-06-14 16:33:00,Spaghetti (carton),3,9500,28500,Bank Transfer
POS1342,2025-06-14 20:38:00,Soft Drinks (crate),2,3200,6400,Cash
POS1343,2025-06-14 15:55:00,Sugar 1kg,3,1200,3600,POS Card
POS1344,2025-06-14 19:54:00,Bottled Water (crate),5,2000,10000,Cash
POS1345,2025-06-14 10:17:00,Cooking Oil 5L,3,12000,36000,POS Card
POS1346,2025-06-14 14:05:00,Spaghetti (carton),5,9500,47500,POS Card
POS1347,2025-06-14 08:26:00,Milk Powder 400g,4,3500,14000,Cash
POS1348,2025-06-14 11:24:00,Rice 50kg,4,45000,180000,POS Card
POS1349,2025-06-14 13:59:00,Cooking Oil 5L,3,12000,36000,POS Card
POS1350,2025-06-15 10:02:00,Cooking Oil 5L,3,12000,36000,Bank Transfer
POS1351,2025-06-15 10:48:00,Detergent 1kg,4,2500,10000,Bank Transfer
POS1352,2025-06-15 09:01:00,Spaghetti (carton),4,9500,38000,Bank Transfer
POS1353,2025-06-15 16:46:00,Detergent 1kg,2,2500,5000,Cash
POS1354,2025-06-15 11:19:00,Soft Drinks (crate),1,3200,3200,Bank Transfer
POS1355,2025-06-15 18:50:00,Cooking Oil 5L,1,12000,12000,POS Card
POS1356,2025-06-15 15:38:00,Spaghetti (carton),1,9500,9500,POS Card
POS1357,2025-06-15 19:09:00,Rice 50kg,5,45000,225000,Bank Transfer
POS1358,2025-06-15 13:15:00,Detergent 1kg,4,2500,10000,POS Card
POS1359,2025-06-15 09:33:00,Soft Drinks (crate),2,3200,6400,Bank Transfer
POS1360,2025-06-15 16:32:00,Bottled Water (crate),1,2000,2000,Cash
POS1361,2025-06-15 08:40:00,Rice 50kg,4,45000,180000,Cash
POS1362,2025-06-15 08:22:00,Soft Drinks (crate),3,3200,9600,POS Card
POS1363,2025-06-15 18:40:00,Cooking Oil 5L,3,12000,36000,POS Card
POS1364,2025-06-15 13:08:00,Cooking Oil 5L,5,12000,60000,Bank Transfer
POS1365,2025-06-15 18:11:00,Rice 50kg,3,45000,135000,POS Card
POS1366,2025-06-15 20:08:00,Spaghetti (carton),4,9500,38000,Bank Transfer
POS1367,2025-06-15 11:02:00,Cooking Oil 5L,4,12000,48000,POS Card
POS1368,2025-06-15 12:32:00,Milk Powder 400g,1,3500,3500,POS Card
POS1369,2025-06-15 08:48:00,Soft Drinks (crate),5,3200,16000,POS Card
POS1370,2025-06-15 20:03:00,Milk Powder 400g,3,3500,10500,POS Card
POS1371,2025-06-15 13:27:00,Bottled Water (crate),3,2000,6000,POS Card
POS1372,2025-06-15 14:21:00,Soft Drinks (crate),4,3200,12800,Cash
POS1373,2025-06-15 13:59:00,Sugar 1kg,4,1200,4800,Bank Transfer
POS1374,2025-06-15 09:27:00,Detergent 1kg,1,2500,2500,Bank Transfer
POS1375,2025-06-16 09:05:00,Sugar 1kg,5,1200,6000,POS Card
POS1376,2025-06-16 17:45:00,Bottled Water (crate),3,2000,6000,POS Card
POS1377,2025-06-16 13:28:00,Soft Drinks (crate),2,3200,6400,Bank Transfer
POS1378,2025-06-16 14:17:00,Rice 50kg,3,45000,135000,Bank Transfer
POS1379,2025-06-16 14:23:00,Rice 50kg,1,45000,45000,Bank Transfer
POS1380,2025-06-16 17:43:00,Sugar 1kg,1,1200,1200,POS Card
POS1381,2025-06-16 11:49:00,Spaghetti (carton),1,9500,9500,POS Card
POS1382,2025-06-16 17:02:00,Bottled Water (crate),3,2000,6000,POS Card
POS1383,2025-06-16 13:28:00,Sugar 1kg,4,1200,4800,Cash
POS1384,2025-06-16 13:25:00,Cooking Oil 5L,5,12000,60000,POS Card
POS1385,2025-06-16 09:01:00,Bottled Water (crate),3,2000,6000,POS Card
POS1386,2025-06-16 16:07:00,Sugar 1kg,4,1200,4800,POS Card
POS1387,2025-06-16 11:39:00,Detergent 1kg,3,2500,7500,Bank Transfer
POS1388,2025-06-16 10:54:00,Detergent 1kg,4,2500,10000,POS Card
POS1389,2025-06-16 19:28:00,Cooking Oil 5L,4,12000,48000,POS Card
POS1390,2025-06-16 19:04:00,Cooking Oil 5L,3,12000,36000,Bank Transfer
POS1391,2025-06-16 19:45:00,Detergent 1kg,3,2500,7500,Cash
POS1392,2025-06-16 09:12:00,Sugar 1kg,3,1200,3600,POS Card
POS1393,2025-06-16 08:23:00,Sugar 1kg,2,1200,2400,Bank Transfer
POS1394,2025-06-16 16:08:00,Bottled Water (crate),4,2000,8000,Cash
POS1395,2025-06-16 19:46:00,Cooking Oil 5L,1,12000,12000,POS Card
POS1396,2025-06-16 14:52:00,Spaghetti (carton),5,9500,47500,POS Card
POS1397,2025-06-16 18:04:00,Cooking Oil 5L,2,12000,24000,Cash
POS1398,2025-06-16 13:08:00,Spaghetti (carton),4,9500,38000,Bank Transfer
POS1399,2025-06-16 08:53:00,Sugar 1kg,2,1200,2400,POS Card
POS1400,2025-06-17 10:10:00,Cooking Oil 5L,5,12000,60000,POS Card
POS1401,2025-06-17 16:57:00,Bottled Water (crate),2,2000,4000,POS Card
POS1402,2025-06-17 18:35:00,Detergent 1kg,1,2500,2500,POS Card
POS1403,2025-06-17 17:34:00,Detergent 1kg,2,2500,5000,Bank Transfer
POS1404,2025-06-17 17:37:00,Cooking Oil 5L,5,12000,60000,Bank Transfer
POS1405,2025-06-17 19:57:00,Sugar 1kg,2,1200,2400,Bank Transfer
POS1406,2025-06-17 08:05:00,Bottled Water (crate),5,2000,10000,POS Card
POS1407,2025-06-17 11:49:00,Rice 50kg,5,45000,225000,POS Card
POS1408,2025-06-17 15:56:00,Soft Drinks (crate),5,3200,16000,Bank Transfer
POS1409,2025-06-17 20:51:00,Detergent 1kg,3,2500,7500,POS Card
POS1410,2025-06-17 19:03:00,Soft Drinks (crate),3,3200,9600,POS Card
POS1411,2025-06-17 15:13:00,Sugar 1kg,4,1200,4800,POS Card
POS1412,2025-06-17 19:20:00,Bottled Water (crate),5,2000,10000,POS Card
POS1413,2025-06-17 13:32:00,Bottled Water (crate),4,2000,8000,POS Card
POS1414,2025-06-17 09:17:00,Cooking Oil 5L,3,12000,36000,POS Card
POS1415,2025-06-17 08:18:00,Spaghetti (carton),2,9500,19000,POS Card
POS1416,2025-06-17 10:52:00,Soft Drinks (crate),5,3200,16000,POS Card
POS1417,2025-06-17 11:48:00,Bottled Water (crate),5,2000,10000,Bank Transfer
POS1418,2025-06-17 15:31:00,Sugar 1kg,4,1200,4800,Cash
POS1419,2025-06-17 14:32:00,Detergent 1kg,4,2500,10000,POS Card
POS1420,2025-06-17 13:03:00,Spaghetti (carton),2,9500,19000,POS Card
POS1421,2025-06-17 18:43:00,Rice 50kg,3,45000,135000,POS Card
POS1422,2025-06-17 09:27:00,Spaghetti (carton),3,9500,28500,POS Card
POS1423,2025-06-17 20:25:00,Sugar 1kg,3,1200,3600,Bank Transfer
POS1424,2025-06-17 17:35:00,Bottled Water (crate),1,2000,2000,POS Card
POS1425,2025-06-18 09:24:00,Milk Powder 400g,3,3500,10500,Bank Transfer
POS1426,2025-06-18 17:43:00,Spaghetti (carton),5,9500,47500,POS Card
POS1427,2025-06-18 14:23:00,Cooking Oil 5L,2,12000,24000,Cash
POS1428,2025-06-18 20:09:00,Bottled Water (crate),5,2000,10000,Cash
POS1429,2025-06-18 16:02:00,Milk Powder 400g,5,3500,17500,POS Card
POS1430,2025-06-18 13:51:00,Rice 50kg,1,45000,45000,POS Card
POS1431,2025-06-18 17:57:00,Spaghetti (carton),5,9500,47500,POS Card
POS1432,2025-06-18 13:10:00,Sugar 1kg,3,1200,3600,Cash
POS1433,2025-06-18 12:37:00,Soft Drinks (crate),5,3200,16000,Bank Transfer
POS1434,2025-06-18 16:31:00,Bottled Water (crate),5,2000,10000,Cash
POS1435,2025-06-18 13:21:00,Detergent 1kg,4,2500,10000,Cash
POS1436,2025-06-18 20:57:00,Cooking Oil 5L,4,12000,48000,Bank Transfer
POS1437,2025-06-18 18:50:00,Rice 50kg,5,45000,225000,POS Card
POS1438,2025-06-18 10:33:00,Milk Powder 400g,1,3500,3500,Bank Transfer
POS1439,2025-06-18 11:02:00,Soft Drinks (crate),2,3200,6400,Cash
POS1440,2025-06-18 13:26:00,Cooking Oil 5L,2,12000,24000,POS Card
POS1441,2025-06-18 14:32:00,Sugar 1kg,4,1200,4800,Bank Transfer
POS1442,2025-06-18 16:13:00,Spaghetti (carton),1,9500,9500,Bank Transfer
POS1443,2025-06-18 13:11:00,Bottled Water (crate),4,2000,8000,POS Card
POS1444,2025-06-18 13:43:00,Spaghetti (carton),5,9500,47500,POS Card
POS1445,2025-06-18 11:17:00,Detergent 1kg,5,2500,12500,POS Card
POS1446,2025-06-18 12:49:00,Detergent 1kg,2,2500,5000,Cash
POS1447,2025-06-18 15:20:00,Detergent 1kg,2,2500,5000,Bank Transfer
POS1448,2025-06-18 20:46:00,Spaghetti (carton),3,9500,28500,Bank Transfer
POS1449,2025-06-18 18:34:00,Detergent 1kg,3,2500,7500,POS Card
POS1450,2025-06-19 20:51:00,Soft Drinks (crate),4,3200,12800,Cash
POS1451,2025-06-19 19:05:00,Sugar 1kg,3,1200,3600,POS Card
POS1452,2025-06-19 19:30:00,Bottled Water (crate),4,2000,8000,Bank Transfer
POS1453,2025-06-19 12:59:00,Milk Powder 400g,2,3500,7000,Cash
POS1454,2025-06-19 19:37:00,Detergent 1kg,2,2500,5000,POS Card
POS1455,2025-06-19 16:14:00,Milk Powder 400g,2,3500,7000,POS Card
POS1456,2025-06-19 13:45:00,Milk Powder 400g,1,3500,3500,POS Card
POS1457,2025-06-19 10:00:00,Spaghetti (carton),1,9500,9500,Bank Transfer
POS1458,2025-06-19 15:30:00,Sugar 1kg,4,1200,4800,Bank Transfer
POS1459,2025-06-19 18:03:00,Milk Powder 400g,3,3500,10500,POS Card
POS1460,2025-06-19 19:46:00,Cooking Oil 5L,5,12000,60000,POS Card
POS1461,2025-06-19 10:59:00,Rice 50kg,2,45000,90000,POS Card
POS1462,2025-06-19 10:59:00,Rice 50kg,4,45000,180000,Bank Transfer
POS1463,2025-06-19 17:38:00,Detergent 1kg,1,2500,2500,POS Card
POS1464,2025-06-19 18:34:00,Cooking Oil 5L,3,12000,36000,POS Card
POS1465,2025-06-19 15:17:00,Spaghetti (carton),2,9500,19000,Cash
POS1466,2025-06-19 19:29:00,Milk Powder 400g,1,3500,3500,POS Card
POS1467,2025-06-19 13:50:00,Detergent 1kg,2,2500,5000,POS Card
POS1468,2025-06-19 11:11:00,Detergent 1kg,5,2500,12500,Bank Transfer
POS1469,2025-06-19 09:25:00,Soft Drinks (crate),4,3200,12800,POS Card
POS1470,2025-06-19 15:20:00,Cooking Oil 5L,2,12000,24000,Cash
POS1471,2025-06-19 11:28:00,Milk Powder 400g,1,3500,3500,POS Card
POS1472,2025-06-19 19:36:00,Detergent 1kg,3,2500,7500,POS Card
POS1473,2025-06-19 19:15:00,Rice 50kg,3,45000,135000,Bank Transfer
POS1474,2025-06-19 10:25:00,Rice 50kg,1,45000,45000,POS Card
POS1475,2025-06-20 12:23:00,Detergent 1kg,1,2500,2500,Bank Transfer
POS1476,2025-06-20 15:09:00,Milk Powder 400g,2,3500,7000,Cash
POS1477,2025-06-20 19:35:00,Spaghetti (carton),5,9500,47500,POS Card
POS1478,2025-06-20 11:48:00,Spaghetti (carton),5,9500,47500,Cash
POS1479,2025-06-20 09:33:00,Milk Powder 400g,5,3500,17500,Cash
POS1480,2025-06-20 09:58:00,Spaghetti (carton),5,9500,47500,Bank Transfer
POS1481,2025-06-20 16:12:00,Cooking Oil 5L,1,12000,12000,Cash
POS1482,2025-06-20 16:28:00,Sugar 1kg,2,1200,2400,POS Card
POS1483,2025-06-20 15:05:00,Cooking Oil 5L,2,12000,24000,Bank Transfer
POS1484,2025-06-20 16:26:00,Spaghetti (carton),1,9500,9500,POS Card
POS1485,2025-06-20 15:43:00,Spaghetti (carton),5,9500,47500,POS Card
POS1486,2025-06-20 08:47:00,Detergent 1kg,1,2500,2500,POS Card
POS1487,2025-06-20 14:22:00,Milk Powder 400g,5,3500,17500,POS Card
POS1488,2025-06-20 09:59:00,Cooking Oil 5L,5,12000,60000,Cash
POS1489,2025-06-20 10:49:00,Spaghetti (carton),1,9500,9500,POS Card
POS1490,2025-06-20 14:28:00,Sugar 1kg,4,1200,4800,POS Card
POS1491,2025-06-20 18:55:00,Soft Drinks (crate),4,3200,12800,POS Card
POS1492,2025-06-20 16:25:00,Sugar 1kg,3,1200,3600,POS Card
POS1493,2025-06-20 20:01:00,Sugar 1kg,2,1200,2400,Cash
POS1494,2025-06-20 16:27:00,Detergent 1kg,4,2500,10000,Bank Transfer
POS1495,2025-06-20 13:09:00,Soft Drinks (crate),2,3200,6400,POS Card
POS1496,2025-06-20 19:48:00,Detergent 1kg,2,2500,5000,Cash
POS1497,2025-06-20 14:39:00,Cooking Oil 5L,1,12000,12000,Cash
POS1498,2025-06-20 09:38:00,Rice 50kg,2,45000,90000,POS Card
POS1499,2025-06-20 19:55:00,Rice 50kg,4,45000,180000,Bank Transfer
POS1500,2025-06-21 14:28:00,Rice 50kg,2,45000,90000,Bank Transfer
POS1501,2025-06-21 20:03:00,Milk Powder 400g,5,3500,17500,POS Card
POS1502,2025-06-21 11:52:00,Sugar 1kg,5,1200,6000,Cash
POS1503,2025-06-21 18:52:00,Bottled Water (crate),5,2000,10000,Bank Transfer
POS1504,2025-06-21 10:42:00,Bottled Water (crate),2,2000,4000,POS Card
POS1505,2025-06-21 08:35:00,Milk Powder 400g,4,3500,14000,POS Card
POS1506,2025-06-21 08:22:00,Sugar 1kg,4,1200,4800,Bank Transfer
POS1507,2025-06-21 14:26:00,Soft Drinks (crate),5,3200,16000,POS Card
POS1508,2025-06-21 20:34:00,Sugar 1kg,3,1200,3600,POS Card
POS1509,2025-06-21 12:54:00,Spaghetti (carton),2,9500,19000,Cash
POS1510,2025-06-21 16:26:00,Sugar 1kg,4,1200,4800,Cash
POS1511,2025-06-21 14:15:00,Soft Drinks (crate),5,3200,16000,POS Card
POS1512,2025-06-21 09:59:00,Detergent 1kg,2,2500,5000,POS Card
POS1513,2025-06-21 19:53:00,Spaghetti (carton),3,9500,28500,POS Card
POS1514,2025-06-21 18:38:00,Milk Powder 400g,1,3500,3500,POS Card
POS1515,2025-06-21 20:37:00,Rice 50kg,1,45000,45000,POS Card
POS1516,2025-06-21 13:19:00,Milk Powder 400g,4,3500,14000,POS Card
POS1517,2025-06-21 19:07:00,Rice 50kg,2,45000,90000,Cash
POS1518,2025-06-21 19:13:00,Spaghetti (carton),2,9500,19000,Bank Transfer
POS1519,2025-06-21 20:18:00,Soft Drinks (crate),2,3200,6400,Bank Transfer
POS1520,2025-06-21 13:19:00,Soft Drinks (crate),4,3200,12800,POS Card
POS1521,2025-06-21 15:29:00,Detergent 1kg,3,2500,7500,POS Card
POS1522,2025-06-21 13:58:00,Cooking Oil 5L,4,12000,48000,Bank Transfer
POS1523,2025-06-21 08:36:00,Milk Powder 400g,3,3500,10500,POS Card
POS1524,2025-06-21 16:59:00,Milk Powder 400g,2,3500,7000,POS Card
POS1525,2025-06-22 13:14:00,Soft Drinks (crate),3,3200,9600,POS Card
POS1526,2025-06-22 15:35:00,Soft Drinks (crate),5,3200,16000,Cash
POS1527,2025-06-22 15:46:00,Bottled Water (crate),3,2000,6000,Bank Transfer
POS1528,2025-06-22 20:22:00,Spaghetti (carton),4,9500,38000,POS Card
POS1529,2025-06-22 15:11:00,Sugar 1kg,2,1200,2400,Bank Transfer
POS1530,2025-06-22 09:52:00,Rice 50kg,5,45000,225000,POS Card
POS1531,2025-06-22 18:14:00,Rice 50kg,1,45000,45000,POS Card
POS1532,2025-06-22 16:29:00,Cooking Oil 5L,2,12000,24000,POS Card
POS1533,2025-06-22 18:59:00,Bottled Water (crate),1,2000,2000,Bank Transfer
POS1534,2025-06-22 16:35:00,Spaghetti (carton),4,9500,38000,POS Card
POS1535,2025-06-22 19:17:00,Soft Drinks (crate),1,3200,3200,POS Card
POS1536,2025-06-22 19:43:00,Detergent 1kg,1,2500,2500,POS Card
POS1537,2025-06-22 09:33:00,Soft Drinks (crate),2,3200,6400,POS Card
POS1538,2025-06-22 16:16:00,Sugar 1kg,2,1200,2400,POS Card
POS1539,2025-06-22 09:23:00,Bottled Water (crate),3,2000,6000,Bank Transfer
POS1540,2025-06-22 19:14:00,Soft Drinks (crate),4,3200,12800,Bank Transfer
POS1541,2025-06-22 18:48:00,Detergent 1kg,1,2500,2500,Bank Transfer
POS1542,2025-06-22 14:35:00,Rice 50kg,1,45000,45000,POS Card
POS1543,2025-06-22 19:10:00,Spaghetti (carton),1,9500,9500,Bank Transfer
POS1544,2025-06-22 18:50:00,Cooking Oil 5L,4,12000,48000,Cash
POS1545,2025-06-22 09:57:00,Bottled Water (crate),5,2000,10000,Cash
POS1546,2025-06-22 19:56:00,Rice 50kg,2,45000,90000,POS Card
POS1547,2025-06-22 09:43:00,Spaghetti (carton),3,9500,28500,POS Card
POS1548,2025-06-22 08:11:00,Detergent 1kg,5,2500,12500,Bank Transfer
POS1549,2025-06-22 17:09:00,Bottled Water (crate),1,2000,2000,Cash
POS1550,2025-06-23 17:15:00,Soft Drinks (crate),1,3200,3200,POS Card
POS1551,2025-06-23 20:47:00,Soft Drinks (crate),5,3200,16000,POS Card
POS1552,2025-06-23 13:03:00,Sugar 1kg,1,1200,1200,POS Card
POS1553,2025-06-23 09:21:00,Cooking Oil 5L,4,12000,48000,POS Card
POS1554,2025-06-23 12:50:00,Soft Drinks (crate),3,3200,9600,POS Card
POS1555,2025-06-23 16:24:00,Spaghetti (carton),4,9500,38000,POS Card
POS1556,2025-06-23 18:24:00,Soft Drinks (crate),2,3200,6400,Bank Transfer
POS1557,2025-06-23 11:45:00,Cooking Oil 5L,5,12000,60000,POS Card
POS1558,2025-06-23 14:45:00,Cooking Oil 5L,1,12000,12000,POS Card
POS1559,2025-06-23 09:05:00,Sugar 1kg,4,1200,4800,POS Card
POS1560,2025-06-23 20:17:00,Rice 50kg,3,45000,135000,POS Card
POS1561,2025-06-23 14:28:00,Cooking Oil 5L,2,12000,24000,POS Card
POS1562,2025-06-23 13:35:00,Soft Drinks (crate),1,3200,3200,POS Card
POS1563,2025-06-23 13:55:00,Cooking Oil 5L,5,12000,60000,Bank Transfer
POS1564,2025-06-23 14:49:00,Soft Drinks (crate),1,3200,3200,POS Card
POS1565,2025-06-23 11:36:00,Cooking Oil 5L,5,12000,60000,Cash
POS1566,2025-06-23 12:19:00,Sugar 1kg,4,1200,4800,POS Card
POS1567,2025-06-23 10:27:00,Detergent 1kg,4,2500,10000,POS Card
POS1568,2025-06-23 20:04:00,Detergent 1kg,4,2500,10000,POS Card
POS1569,2025-06-23 19:40:00,Bottled Water (crate),3,2000,6000,Cash
POS1570,2025-06-23 15:06:00,Spaghetti (carton),5,9500,47500,Bank Transfer
POS1571,2025-06-23 14:21:00,Sugar 1kg,3,1200,3600,POS Card
POS1572,2025-06-23 14:52:00,Soft Drinks (crate),3,3200,9600,POS Card
POS1573,2025-06-23 19:12:00,Sugar 1kg,3,1200,3600,POS Card
POS1574,2025-06-23 14:20:00,Spaghetti (carton),3,9500,28500,POS Card
POS1575,2025-06-24 20:15:00,Detergent 1kg,4,2500,10000,Cash
POS1576,2025-06-24 20:25:00,Bottled Water (crate),4,2000,8000,POS Card
POS1577,2025-06-24 11:37:00,Bottled Water (crate),1,2000,2000,Cash
POS1578,2025-06-24 19:29:00,Sugar 1kg,5,1200,6000,POS Card
POS1579,2025-06-24 19:04:00,Milk Powder 400g,4,3500,14000,Bank Transfer
POS1580,2025-06-24 12:15:00,Soft Drinks (crate),4,3200,12800,POS Card
POS1581,2025-06-24 20:24:00,Detergent 1kg,2,2500,5000,Bank Transfer
POS1582,2025-06-24 15:37:00,Cooking Oil 5L,4,12000,48000,Cash
POS1583,2025-06-24 19:26:00,Soft Drinks (crate),5,3200,16000,POS Card
POS1584,2025-06-24 20:34:00,Rice 50kg,3,45000,135000,Bank Transfer
POS1585,2025-06-24 18:42:00,Cooking Oil 5L,1,12000,12000,Bank Transfer
POS1586,2025-06-24 08:36:00,Bottled Water (crate),2,2000,4000,Bank Transfer
POS1587,2025-06-24 14:06:00,Soft Drinks (crate),3,3200,9600,Cash
POS1588,2025-06-24 16:47:00,Rice 50kg,1,45000,45000,POS Card
POS1589,2025-06-24 15:49:00,Milk Powder 400g,4,3500,14000,POS Card
POS1590,2025-06-24 15:06:00,Sugar 1kg,3,1200,3600,Cash
POS1591,2025-06-24 09:07:00,Detergent 1kg,4,2500,10000,Cash
POS1592,2025-06-24 15:50:00,Sugar 1kg,3,1200,3600,POS Card
POS1593,2025-06-24 15:06:00,Milk Powder 400g,5,3500,17500,POS Card
POS1594,2025-06-24 12:02:00,Spaghetti (carton),4,9500,38000,POS Card
POS1595,2025-06-24 18:06:00,Cooking Oil 5L,1,12000,12000,Cash
POS1596,2025-06-24 16:10:00,Sugar 1kg,2,1200,2400,POS Card
POS1597,2025-06-24 15:14:00,Bottled Water (crate),5,2000,10000,POS Card
POS1598,2025-06-24 18:27:00,Soft Drinks (crate),2,3200,6400,POS Card
POS1599,2025-06-24 11:28:00,Soft Drinks (crate),1,3200,3200,Bank Transfer
POS1600,2025-06-25 11:13:00,Soft Drinks (crate),4,3200,12800,POS Card
POS1601,2025-06-25 20:55:00,Detergent 1kg,1,2500,2500,Bank Transfer
POS1602,2025-06-25 15:07:00,Sugar 1kg,3,1200,3600,POS Card
POS1603,2025-06-25 18:20:00,Detergent 1kg,4,2500,10000,POS Card
POS1604,2025-06-25 09:22:00,Soft Drinks (crate),5,3200,16000,POS Card
POS1605,2025-06-25 18:45:00,Bottled Water (crate),4,2000,8000,Bank Transfer
POS1606,2025-06-25 18:08:00,Detergent 1kg,5,2500,12500,Bank Transfer
POS1607,2025-06-25 09:11:00,Bottled Water (crate),1,2000,2000,POS Card
POS1608,2025-06-25 14:38:00,Bottled Water (crate),2,2000,4000,POS Card
POS1609,2025-06-25 10:31:00,Sugar 1kg,5,1200,6000,POS Card
POS1610,2025-06-25 12:08:00,Sugar 1kg,5,1200,6000,POS Card
POS1611,2025-06-25 17:03:00,Sugar 1kg,3,1200,3600,Cash
POS1612,2025-06-25 11:52:00,Bottled Water (crate),1,2000,2000,POS Card
POS1613,2025-06-25 15:26:00,Soft Drinks (crate),5,3200,16000,POS Card
POS1614,2025-06-25 15:31:00,Spaghetti (carton),4,9500,38000,Bank Transfer
POS1615,2025-06-25 20:48:00,Sugar 1kg,1,1200,1200,Bank Transfer
POS1616,2025-06-25 11:34:00,Milk Powder 400g,3,3500,10500,POS Card
POS1617,2025-06-25 17:47:00,Detergent 1kg,2,2500,5000,Bank Transfer
POS1618,2025-06-25 17:07:00,Spaghetti (carton),5,9500,47500,POS Card
POS1619,2025-06-25 13:34:00,Detergent 1kg,5,2500,12500,Cash
POS1620,2025-06-25 14:06:00,Rice 50kg,4,45000,180000,POS Card
POS1621,2025-06-25 08:28:00,Milk Powder 400g,3,3500,10500,Cash
POS1622,2025-06-25 09:28:00,Detergent 1kg,3,2500,7500,Cash
POS1623,2025-06-25 19:37:00,Cooking Oil 5L,2,12000,24000,POS Card
POS1624,2025-06-25 10:39:00,Bottled Water (crate),5,2000,10000,Bank Transfer
POS1625,2025-06-26 20:03:00,Sugar 1kg,2,1200,2400,Cash
POS1626,2025-06-26 16:10:00,Bottled Water (crate),5,2000,10000,POS Card
POS1627,2025-06-26 12:54:00,Bottled Water (crate),3,2000,6000,POS Card
POS1628,2025-06-26 20:26:00,Cooking Oil 5L,2,12000,24000,Cash
POS1629,2025-06-26 10:44:00,Rice 50kg,3,45000,135000,Cash
POS1630,2025-06-26 13:53:00,Sugar 1kg,2,1200,2400,POS Card
POS1631,2025-06-26 17:40:00,Milk Powder 400g,4,3500,14000,POS Card
POS1632,2025-06-26 09:40:00,Detergent 1kg,4,2500,10000,POS Card
POS1633,2025-06-26 12:44:00,Cooking Oil 5L,4,12000,48000,POS Card
POS1634,2025-06-26 13:37:00,Bottled Water (crate),4,2000,8000,Cash
POS1635,2025-06-26 15:40:00,Rice 50kg,1,45000,45000,Bank Transfer
POS1636,2025-06-26 14:13:00,Bottled Water (crate),1,2000,2000,Bank Transfer
POS1637,2025-06-26 13:53:00,Soft Drinks (crate),2,3200,6400,POS Card
POS1638,2025-06-26 10:36:00,Detergent 1kg,3,2500,7500,POS Card
POS1639,2025-06-26 20:03:00,Spaghetti (carton),3,9500,28500,Cash
POS1640,2025-06-26 15:01:00,Rice 50kg,1,45000,45000,Bank Transfer
POS1641,2025-06-26 08:27:00,Cooking Oil 5L,2,12000,24000,POS Card
POS1642,2025-06-26 12:10:00,Milk Powder 400g,2,3500,7000,Cash
POS1643,2025-06-26 12:05:00,Detergent 1kg,1,2500,2500,Bank Transfer
POS1644,2025-06-26 18:19:00,Bottled Water (crate),2,2000,4000,POS Card
POS1645,2025-06-26 19:06:00,Milk Powder 400g,4,3500,14000,Bank Transfer
POS1646,2025-06-26 10:37:00,Rice 50kg,2,45000,90000,POS Card
POS1647,2025-06-26 08:00:00,Milk Powder 400g,5,3500,17500,Bank Transfer
POS1648,2025-06-26 14:44:00,Bottled Water (crate),1,2000,2000,Cash
POS1649,2025-06-26 14:05:00,Sugar 1kg,4,1200,4800,POS Card
POS1650,2025-06-27 12:08:00,Cooking Oil 5L,1,12000,12000,POS Card
POS1651,2025-06-27 18:09:00,Soft Drinks (crate),2,3200,6400,Bank Transfer
POS1652,2025-06-27 17:41:00,Cooking Oil 5L,5,12000,60000,Bank Transfer
POS1653,2025-06-27 11:40:00,Sugar 1kg,4,1200,4800,POS Card
POS1654,2025-06-27 15:55:00,Sugar 1kg,4,1200,4800,Bank Transfer
POS1655,2025-06-27 10:48:00,Milk Powder 400g,1,3500,3500,Cash
POS1656,2025-06-27 13:27:00,Cooking Oil 5L,5,12000,60000,Bank Transfer
POS1657,2025-06-27 18:05:00,Bottled Water (crate),2,2000,4000,POS Card
POS1658,2025-06-27 19:38:00,Milk Powder 400g,5,3500,17500,Bank Transfer
POS1659,2025-06-27 18:56:00,Detergent 1kg,1,2500,2500,Cash
POS1660,2025-06-27 16:12:00,Detergent 1kg,2,2500,5000,POS Card
POS1661,2025-06-27 20:57:00,Soft Drinks (crate),3,3200,9600,Bank Transfer
POS1662,2025-06-27 11:31:00,Milk Powder 400g,4,3500,14000,POS Card
POS1663,2025-06-27 08:23:00,Cooking Oil 5L,5,12000,60000,Cash
POS1664,2025-06-27 17:26:00,Bottled Water (crate),2,2000,4000,POS Card
POS1665,2025-06-27 20:30:00,Bottled Water (crate),5,2000,10000,Bank Transfer
POS1666,2025-06-27 08:16:00,Cooking Oil 5L,1,12000,12000,Bank Transfer
POS1667,2025-06-27 20:25:00,Milk Powder 400g,1,3500,3500,Cash
POS1668,2025-06-27 14:44:00,Detergent 1kg,5,2500,12500,Bank Transfer
POS1669,2025-06-27 16:39:00,Soft Drinks (crate),1,3200,3200,Bank Transfer
POS1670,2025-06-27 09:32:00,Sugar 1kg,3,1200,3600,POS Card
POS1671,2025-06-27 14:37:00,Milk Powder 400g,2,3500,7000,POS Card
POS1672,2025-06-27 19:54:00,Cooking Oil 5L,3,12000,36000,Bank Transfer
POS1673,2025-06-27 14:07:00,Milk Powder 400g,1,3500,3500,POS Card
POS1674,2025-06-27 12:42:00,Spaghetti (carton),5,9500,47500,Bank Transfer
POS1675,2025-06-28 10:44:00,Sugar 1kg,1,1200,1200,POS Card
POS1676,2025-06-28 13:33:00,Rice 50kg,2,45000,90000,POS Card
POS1677,2025-06-28 19:49:00,Detergent 1kg,2,2500,5000,POS Card
POS1678,2025-06-28 08:21:00,Detergent 1kg,1,2500,2500,Bank Transfer
POS1679,2025-06-28 12:45:00,Soft Drinks (crate),3,3200,9600,POS Card
POS1680,2025-06-28 13:03:00,Cooking Oil 5L,4,12000,48000,POS Card
POS1681,2025-06-28 10:16:00,Spaghetti (carton),5,9500,47500,POS Card
POS1682,2025-06-28 09:14:00,Cooking Oil 5L,5,12000,60000,Bank Transfer
POS1683,2025-06-28 08:15:00,Rice 50kg,1,45000,45000,Cash
POS1684,2025-06-28 10:11:00,Rice 50kg,4,45000,180000,POS Card
POS1685,2025-06-28 19:47:00,Rice 50kg,5,45000,225000,Cash
POS1686,2025-06-28 14:58:00,Soft Drinks (crate),2,3200,6400,POS Card
POS1687,2025-06-28 17:23:00,Bottled Water (crate),3,2000,6000,Cash
POS1688,2025-06-28 08:11:00,Cooking Oil 5L,5,12000,60000,Bank Transfer
POS1689,2025-06-28 14:04:00,Milk Powder 400g,5,3500,17500,Cash
POS1690,2025-06-28 12:20:00,Spaghetti (carton),3,9500,28500,Bank Transfer
POS1691,2025-06-28 13:12:00,Cooking Oil 5L,5,12000,60000,POS Card
POS1692,2025-06-28 19:39:00,Detergent 1kg,5,2500,12500,Bank Transfer
POS1693,2025-06-28 15:49:00,Milk Powder 400g,4,3500,14000,POS Card
POS1694,2025-06-28 11:09:00,Milk Powder 400g,5,3500,17500,Bank Transfer
POS1695,2025-06-28 16:22:00,Rice 50kg,4,45000,180000,POS Card
POS1696,2025-06-28 18:24:00,Rice 50kg,3,45000,135000,POS Card
POS1697,2025-06-28 11:26:00,Detergent 1kg,1,2500,2500,POS Card
POS1698,2025-06-28 10:45:00,Spaghetti (carton),1,9500,9500,Cash
POS1699,2025-06-28 11:57:00,Detergent 1kg,1,2500,2500,POS Card
POS1700,2025-06-29 19:05:00,Soft Drinks (crate),3,3200,9600,POS Card
POS1701,2025-06-29 14:04:00,Cooking Oil 5L,5,12000,60000,POS Card
POS1702,2025-06-29 10:15:00,Rice 50kg,4,45000,180000,Bank Transfer
POS1703,2025-06-29 20:25:00,Detergent 1kg,3,2500,7500,Cash
POS1704,2025-06-29 11:04:00,Bottled Water (crate),3,2000,6000,POS Card
POS1705,2025-06-29 17:06:00,Milk Powder 400g,2,3500,7000,Bank Transfer
POS1706,2025-06-29 15:20:00,Sugar 1kg,1,1200,1200,POS Card
POS1707,2025-06-29 20:13:00,Soft Drinks (crate),1,3200,3200,POS Card
POS1708,2025-06-29 09:05:00,Spaghetti (carton),3,9500,28500,POS Card
POS1709,2025-06-29 19:38:00,Sugar 1kg,3,1200,3600,Cash
POS1710,2025-06-29 13:09:00,Rice 50kg,2,45000,90000,Cash
POS1711,2025-06-29 14:32:00,Cooking Oil 5L,2,12000,24000,Cash
POS1712,2025-06-29 10:01:00,Rice 50kg,3,45000,135000,POS Card
POS1713,2025-06-29 16:15:00,Soft Drinks (crate),4,3200,12800,Bank Transfer
POS1714,2025-06-29 20:08:00,Cooking Oil 5L,4,12000,48000,POS Card
POS1715,2025-06-29 20:14:00,Cooking Oil 5L,1,12000,12000,POS Card
POS1716,2025-06-29 13:43:00,Sugar 1kg,2,1200,2400,Cash
POS1717,2025-06-29 09:01:00,Cooking Oil 5L,5,12000,60000,Bank Transfer
POS1718,2025-06-29 15:51:00,Cooking Oil 5L,2,12000,24000,Cash
POS1719,2025-06-29 20:21:00,Sugar 1kg,1,1200,1200,Cash
POS1720,2025-06-29 08:10:00,Cooking Oil 5L,1,12000,12000,Cash
POS1721,2025-06-29 14:43:00,Soft Drinks (crate),4,3200,12800,POS Card
POS1722,2025-06-29 10:17:00,Soft Drinks (crate),2,3200,6400,POS Card
POS1723,2025-06-29 08:39:00,Detergent 1kg,4,2500,10000,Cash
POS1724,2025-06-29 16:30:00,Milk Powder 400g,3,3500,10500,POS Card
POS1725,2025-06-30 10:26:00,Rice 50kg,1,45000,45000,POS Card
POS1726,2025-06-30 20:34:00,Milk Powder 400g,5,3500,17500,POS Card
POS1727,2025-06-30 13:30:00,Rice 50kg,4,45000,180000,Bank Transfer
POS1728,2025-06-30 16:20:00,Spaghetti (carton),3,9500,28500,Cash
POS1729,2025-06-30 13:38:00,Soft Drinks (crate),3,3200,9600,POS Card
POS1730,2025-06-30 20:17:00,Milk Powder 400g,1,3500,3500,Cash
POS1731,2025-06-30 20:37:00,Rice 50kg,4,45000,180000,POS Card
POS1732,2025-06-30 18:15:00,Milk Powder 400g,2,3500,7000,POS Card
POS1733,2025-06-30 19:03:00,Detergent 1kg,5,2500,12500,Cash
POS1734,2025-06-30 20:24:00,Milk Powder 400g,5,3500,17500,Cash
POS1735,2025-06-30 17:20:00,Bottled Water (crate),2,2000,4000,POS Card
POS1736,2025-06-30 19:22:00,Bottled Water (crate),5,2000,10000,POS Card
POS1737,2025-06-30 20:56:00,Sugar 1kg,5,1200,6000,Cash
POS1738,2025-06-30 15:02:00,Spaghetti (carton),5,9500,47500,POS Card
POS1739,2025-06-30 11:01:00,Cooking Oil 5L,1,12000,12000,POS Card
POS1740,2025-06-30 17:12:00,Spaghetti (carton),1,9500,9500,POS Card
POS1741,2025-06-30 20:54:00,Sugar 1kg,3,1200,3600,Bank Transfer
POS1742,2025-06-30 17:45:00,Bottled Water (crate),1,2000,2000,POS Card
POS1743,2025-06-30 13:04:00,Sugar 1kg,1,1200,1200,Cash
POS1744,2025-06-30 13:19:00,Bottled Water (crate),4,2000,8000,Bank Transfer
POS1745,2025-06-30 19:27:00,Bottled Water (crate),2,2000,4000,Cash
POS1746,2025-06-30 16:44:00,Spaghetti (carton),3,9500,28500,POS Card
POS1747,2025-06-30 10:24:00,Bottled Water (crate),2,2000,4000,Bank Transfer
POS1748,2025-06-30 19:00:00,Detergent 1kg,3,2500,7500,POS Card
POS1749,2025-06-30 17:20:00,Soft Drinks (crate),5,3200,16000,POS Card
