bank_ref,matched_txn_id,settlement_time,amount
BNK1000,POS1000,2025-06-01 15:14:00,12000.0
BNK1001,POS1001,2025-06-01 20:05:00,1200.0
BNK1002,POS1002,2025-06-02 09:14:00,2720.0
BNK1003,POS1003,2025-06-01 19:44:00,225000.0
BNK1004,POS1004,2025-06-01 14:51:00,6400.0
BNK1005,POS1005,2025-06-01 13:17:00,90000.0
BNK1007,POS1007,2025-06-01 18:38:00,48000.0
BNK1008,POS1008,2025-06-01 18:07:00,2500.0
BNK1009,POS1009,2025-06-01 20:39:00,3200.0
BNK1010,POS1010,2025-06-01 14:02:00,10000.0
BNK1012,POS1012,2025-06-02 01:53:00,43140.0
BNK1013,POS1013,2025-06-01 11:42:00,4000.0
BNK1014,POS1014,2025-06-01 15:34:00,2500.0
BNK1015,POS1015,2025-06-01 13:59:00,7000.0
BNK1019,POS1019,2025-06-01 17:56:00,4000.0
BNK1020,POS1020,2025-06-01 13:47:00,19000.0
BNK1021,POS1021,2025-06-01 17:25:00,12500.0
BNK1023,POS1023,2025-06-01 15:09:00,9500.0
BNK1024,POS1024,2025-06-01 19:24:00,4800.0
BNK1025,POS1025,2025-06-02 17:55:00,47500.0
BNK1026,POS1026,2025-06-02 16:48:00,45000.0
BNK1027,POS1027,2025-06-02 14:10:00,7500.0
BNK1030,POS1030,2025-06-02 12:34:00,7000.0
BNK1031,POS1031,2025-06-02 08:07:00,225000.0
BNK1032,POS1032,2025-06-03 12:56:00,5500.0
BNK1033,POS1033,2025-06-02 09:48:00,12000.0
BNK1034,POS1034,2025-06-02 16:10:00,2400.0
BNK1036,POS1036,2025-06-02 22:41:00,10500.0
BNK1038,POS1038,2025-06-02 13:37:00,7000.0
BNK1040,POS1040,2025-06-02 09:55:00,90000.0
BNK1041,POS1041,2025-06-02 15:42:00,2000.0
BNK1042,POS1042,2025-06-02 19:59:00,19000.0
BNK1043,POS1043,2025-06-02 21:26:00,19000.0
BNK1044,POS1044,2025-06-02 18:22:00,3500.0
BNK1045,POS1045,2025-06-03 00:03:00,12800.0
BNK1046,POS1046,2025-06-02 18:51:00,12000.0
BNK1047,POS1047,2025-06-02 17:28:00,24000.0
BNK1048,POS1048,2025-06-04 03:15:00,4180.0
BNK1051,POS1051,2025-06-03 16:13:00,7000.0
BNK1054,POS1054,2025-06-05 04:03:00,14920.0
BNK1055,POS1055,2025-06-03 18:30:00,135000.0
BNK1057,POS1057,2025-06-05 11:55:00,1090.0
BNK1058,POS1058,2025-06-03 17:15:00,14000.0
BNK1059,POS1059,2025-06-03 18:37:00,225000.0
BNK1060,POS1060,2025-06-03 22:20:00,6000.0
BNK1061,POS1061,2025-06-03 23:41:00,10500.0
BNK1062,POS1062,2025-06-04 01:59:00,10000.0
BNK1063,POS1063,2025-06-03 18:06:00,12000.0
BNK1064,POS1064,2025-06-03 15:08:00,60000.0
BNK1067,POS1067,2025-06-03 21:06:00,225000.0
BNK1069,POS1069,2025-06-03 13:45:00,3600.0
BNK1070,POS1070,2025-06-03 14:32:00,4000.0
BNK1072,POS1072,2025-06-03 14:49:00,9600.0
BNK1073,POS1073,2025-06-03 20:35:00,3600.0
BNK1074,POS1074,2025-06-04 20:56:00,13060.0
BNK1075,POS1075,2025-06-04 19:37:00,6000.0
BNK1076,POS1076,2025-06-04 16:23:00,4800.0
BNK1077,POS1077,2025-06-05 21:42:00,117800.0
BNK1078,POS1078,2025-06-04 18:39:00,36000.0
BNK1080,POS1080,2025-06-04 22:59:00,4800.0
BNK1082,POS1082,2025-06-04 20:06:00,10500.0
BNK1084,POS1084,2025-06-04 20:55:00,28500.0
BNK1085,POS1085,2025-06-04 17:25:00,7000.0
BNK1087,POS1087,2025-06-04 20:21:00,10000.0
BNK1089,POS1089,2025-06-04 18:22:00,2500.0
BNK1090,POS1090,2025-06-04 21:07:00,8000.0
BNK1091,POS1091,2025-06-04 09:45:00,16000.0
BNK1092,POS1092,2025-06-05 02:34:00,3200.0
BNK1093,POS1093,2025-06-04 19:58:00,10500.0
BNK1094,POS1094,2025-06-04 15:46:00,10000.0
BNK1095,POS1095,2025-06-04 14:20:00,12500.0
BNK1096,POS1096,2025-06-04 16:26:00,9600.0
BNK1097,POS1097,2025-06-04 18:25:00,6400.0
BNK1098,POS1098,2025-06-04 20:50:00,135000.0
BNK1099,POS1099,2025-06-04 20:13:00,8000.0
BNK1100,POS1100,2025-06-05 18:32:00,19000.0
BNK1104,POS1104,2025-06-06 20:36:00,41870.0
BNK1105,POS1105,2025-06-05 17:09:00,14000.0
BNK1106,POS1106,2025-06-05 14:11:00,45000.0
BNK1107,POS1107,2025-06-05 09:29:00,9500.0
BNK1108,POS1108,2025-06-05 20:38:00,4800.0
BNK1109,POS1109,2025-06-06 01:57:00,8000.0
BNK1110,POS1110,2025-06-05 13:47:00,16000.0
BNK1111,POS1111,2025-06-05 15:53:00,38000.0
BNK1112,POS1112,2025-06-05 17:17:00,12500.0
BNK1113,POS1113,2025-06-05 11:17:00,9500.0
BNK1115,POS1115,2025-06-05 14:45:00,2400.0
BNK1116,POS1116,2025-06-05 19:34:00,3500.0
BNK1117,POS1117,2025-06-05 18:24:00,38000.0
BNK1118,POS1118,2025-06-05 11:22:00,225000.0
BNK1120,POS1120,2025-06-05 19:31:00,14000.0
BNK1121,POS1121,2025-06-05 22:51:00,180000.0
BNK1123,POS1123,2025-06-05 19:01:00,180000.0
BNK1124,POS1124,2025-06-05 16:11:00,48000.0
BNK1125,POS1125,2025-06-06 16:29:00,135000.0
BNK1126,POS1126,2025-06-06 14:17:00,6000.0
BNK1128,POS1128,2025-06-06 11:49:00,135000.0
BNK1130,POS1130,2025-06-06 10:30:00,225000.0
BNK1132,POS1132,2025-06-06 19:47:00,7500.0
BNK1134,POS1134,2025-06-06 14:25:00,135000.0
BNK1135,POS1135,2025-06-07 00:15:00,3500.0
BNK1137,POS1137,2025-06-06 15:34:00,60000.0
BNK1138,POS1138,2025-06-07 00:21:00,9600.0
BNK1140,POS1140,2025-06-06 14:11:00,8000.0
BNK1142,POS1142,2025-06-06 20:37:00,38000.0
BNK1144,POS1144,2025-06-06 22:39:00,19000.0
BNK1145,POS1145,2025-06-06 19:11:00,9600.0
BNK1146,POS1146,2025-06-06 17:21:00,19000.0
BNK1147,POS1147,2025-06-06 17:35:00,12500.0
BNK1149,POS1149,2025-06-07 14:44:00,11030.0
BNK1150,POS1150,2025-06-07 14:05:00,38000.0
BNK1151,POS1151,2025-06-07 13:19:00,5000.0
BNK1152,POS1152,2025-06-07 17:27:00,8000.0
BNK1153,POS1153,2025-06-07 12:19:00,6000.0
BNK1154,POS1154,2025-06-07 15:20:00,5000.0
BNK1156,POS1156,2025-06-07 18:46:00,7000.0
BNK1158,POS1158,2025-06-07 23:34:00,4000.0
BNK1160,POS1160,2025-06-08 02:31:00,5000.0
BNK1161,POS1161,2025-06-07 15:30:00,12000.0
BNK1162,POS1162,2025-06-07 11:16:00,28500.0
BNK1166,POS1166,2025-06-07 18:38:00,60000.0
BNK1167,POS1167,2025-06-07 21:19:00,17500.0
BNK1168,POS1168,2025-06-07 11:39:00,9600.0
BNK1169,POS1169,2025-06-07 12:42:00,24000.0
BNK1170,POS1170,2025-06-07 17:04:00,24000.0
BNK1171,POS1171,2025-06-07 23:38:00,1200.0
BNK1172,POS1172,2025-06-07 18:45:00,28500.0
BNK1173,POS1173,2025-06-07 15:59:00,10000.0
BNK1174,POS1174,2025-06-07 12:27:00,12500.0
BNK1175,POS1175,2025-06-08 12:58:00,60000.0
BNK1176,POS1176,2025-06-08 15:50:00,5000.0
BNK1177,POS1177,2025-06-08 21:58:00,11810.0
BNK1178,POS1178,2025-06-08 23:19:00,10000.0
BNK1179,POS1179,2025-06-08 16:28:00,9600.0
BNK1180,POS1180,2025-06-08 19:47:00,60000.0
BNK1181,POS1181,2025-06-08 10:14:00,10000.0
BNK1182,POS1182,2025-06-08 23:48:00,135000.0
BNK1183,POS1183,2025-06-08 21:58:00,4800.0
BNK1185,POS1185,2025-06-08 20:21:00,9500.0
BNK1187,POS1187,2025-06-08 17:52:00,28500.0
BNK1188,POS1188,2025-06-08 17:20:00,180000.0
BNK1190,POS1190,2025-06-08 22:23:00,38000.0
BNK1192,POS1192,2025-06-09 01:31:00,3600.0
BNK1194,POS1194,2025-06-08 13:35:00,7000.0
BNK1195,POS1195,2025-06-08 14:29:00,3200.0
BNK1196,POS1196,2025-06-08 22:18:00,24000.0
BNK1198,POS1198,2025-06-08 14:58:00,47500.0
BNK1199,POS1199,2025-06-08 23:54:00,1200.0
BNK1201,POS1201,2025-06-09 21:37:00,135000.0
BNK1202,POS1202,2025-06-09 18:22:00,19000.0
BNK1203,POS1203,2025-06-09 14:29:00,10000.0
BNK1206,POS1206,2025-06-10 01:24:00,8000.0
BNK1207,POS1207,2025-06-09 14:08:00,6400.0
BNK1209,POS1209,2025-06-09 19:55:00,9500.0
BNK1210,POS1210,2025-06-09 14:21:00,1200.0
BNK1212,POS1212,2025-06-09 20:31:00,9600.0
BNK1213,POS1213,2025-06-09 20:43:00,225000.0
BNK1214,POS1214,2025-06-09 19:06:00,5000.0
BNK1215,POS1215,2025-06-09 14:57:00,48000.0
BNK1216,POS1216,2025-06-09 13:18:00,45000.0
BNK1217,POS1217,2025-06-09 16:33:00,6000.0
BNK1218,POS1218,2025-06-09 11:10:00,16000.0
BNK1219,POS1219,2025-06-09 15:39:00,1200.0
BNK1221,POS1221,2025-06-10 00:00:00,28500.0
BNK1222,POS1222,2025-06-09 16:04:00,28500.0
BNK1224,POS1224,2025-06-09 17:12:00,9600.0
BNK1225,POS1225,2025-06-10 15:36:00,12800.0
BNK1226,POS1226,2025-06-11 00:18:00,10000.0
BNK1227,POS1227,2025-06-10 19:55:00,180000.0
BNK1228,POS1228,2025-06-10 15:49:00,225000.0
BNK1230,POS1230,2025-06-11 01:46:00,17500.0
BNK1234,POS1234,2025-06-11 00:34:00,6400.0
BNK1235,POS1235,2025-06-10 14:53:00,10000.0
BNK1239,POS1239,2025-06-10 21:25:00,16000.0
BNK1240,POS1240,2025-06-10 20:23:00,135000.0
BNK1241,POS1241,2025-06-10 23:23:00,12500.0
BNK1242,POS1242,2025-06-10 19:56:00,24000.0
BNK1243,POS1243,2025-06-10 15:40:00,10000.0
BNK1244,POS1244,2025-06-10 13:08:00,28500.0
BNK1245,POS1245,2025-06-10 15:07:00,45000.0
BNK1247,POS1247,2025-06-11 00:44:00,28500.0
BNK1248,POS1248,2025-06-10 16:56:00,16000.0
BNK1250,POS1250,2025-06-11 12:28:00,2500.0
BNK1253,POS1253,2025-06-11 11:54:00,180000.0
BNK1254,POS1254,2025-06-11 19:40:00,9500.0
BNK1255,POS1255,2025-06-11 16:08:00,45000.0
BNK1257,POS1257,2025-06-11 13:50:00,7000.0
BNK1259,POS1259,2025-06-11 10:08:00,5000.0
BNK1260,POS1260,2025-06-11 15:37:00,135000.0
BNK1261,POS1261,2025-06-11 14:08:00,2000.0
BNK1262,POS1262,2025-06-13 02:30:00,15030.0
BNK1263,POS1263,2025-06-11 13:28:00,28500.0
BNK1264,POS1264,2025-06-13 05:58:00,13510.0
BNK1265,POS1265,2025-06-12 18:03:00,8140.0
BNK1266,POS1266,2025-06-11 09:31:00,38000.0
BNK1268,POS1268,2025-06-11 18:40:00,1200.0
BNK1270,POS1270,2025-06-11 10:50:00,47500.0
BNK1271,POS1271,2025-06-11 15:27:00,60000.0
BNK1272,POS1272,2025-06-11 18:25:00,19000.0
BNK1273,POS1273,2025-06-11 19:42:00,3200.0
BNK1275,POS1275,2025-06-12 15:05:00,9500.0
BNK1276,POS1276,2025-06-13 01:51:00,2830.0
BNK1277,POS1277,2025-06-12 16:35:00,6000.0
BNK1280,POS1280,2025-06-12 17:09:00,2000.0
BNK1282,POS1282,2025-06-12 21:14:00,2000.0
BNK1285,POS1285,2025-06-12 23:19:00,90000.0
BNK1286,POS1286,2025-06-12 16:36:00,6000.0
BNK1287,POS1287,2025-06-14 11:01:00,2650.0
BNK1288,POS1288,2025-06-12 17:29:00,60000.0
BNK1289,POS1289,2025-06-12 22:20:00,4000.0
BNK1291,POS1291,2025-06-12 23:27:00,45000.0
BNK1292,POS1292,2025-06-12 12:13:00,47500.0
BNK1293,POS1293,2025-06-12 18:43:00,36000.0
BNK1294,POS1294,2025-06-12 09:14:00,47500.0
BNK1297,POS1297,2025-06-12 15:11:00,12000.0
BNK1298,POS1298,2025-06-12 13:32:00,4800.0
BNK1299,POS1299,2025-06-12 19:02:00,2000.0
BNK1300,POS1300,2025-06-13 13:55:00,3200.0
BNK1301,POS1301,2025-06-13 14:45:00,10000.0
BNK1302,POS1302,2025-06-13 10:20:00,9600.0
BNK1303,POS1303,2025-06-13 22:58:00,6000.0
BNK1304,POS1304,2025-06-13 13:15:00,2000.0
BNK1305,POS1305,2025-06-13 12:25:00,16000.0
BNK1306,POS1306,2025-06-13 21:10:00,7500.0
BNK1307,POS1307,2025-06-13 19:32:00,60000.0
BNK1308,POS1308,2025-06-13 19:52:00,10500.0
BNK1309,POS1309,2025-06-13 18:12:00,2400.0
BNK1310,POS1310,2025-06-13 21:41:00,6000.0
BNK1312,POS1312,2025-06-13 16:43:00,47500.0
BNK1313,POS1313,2025-06-13 09:30:00,6000.0
BNK1314,POS1314,2025-06-13 18:03:00,28500.0
BNK1315,POS1315,2025-06-13 20:28:00,10000.0
BNK1316,POS1316,2025-06-13 12:04:00,45000.0
BNK1317,POS1317,2025-06-13 19:29:00,60000.0
BNK1319,POS1319,2025-06-13 20:09:00,10500.0
BNK1320,POS1320,2025-06-13 17:45:00,180000.0
BNK1321,POS1321,2025-06-13 13:15:00,60000.0
BNK1322,POS1322,2025-06-13 21:10:00,29750.0
BNK1324,POS1324,2025-06-13 21:41:00,10000.0
BNK1325,POS1325,2025-06-14 16:43:00,2000.0
BNK1326,POS1326,2025-06-14 21:58:00,9600.0
BNK1327,POS1327,2025-06-14 19:09:00,3600.0
BNK1329,POS1329,2025-06-14 14:19:00,6400.0
BNK1333,POS1333,2025-06-14 10:09:00,19000.0
BNK1336,POS1336,2025-06-14 21:49:00,6400.0
BNK1337,POS1337,2025-06-14 18:43:00,4800.0
BNK1338,POS1338,2025-06-15 02:47:00,14000.0
BNK1339,POS1339,2025-06-14 16:51:00,19000.0
BNK1340,POS1340,2025-06-14 17:28:00,19000.0
BNK1341,POS1341,2025-06-14 22:33:00,28500.0
BNK1343,POS1343,2025-06-15 04:55:00,3280.0
BNK1345,POS1345,2025-06-14 16:17:00,36000.0
BNK1346,POS1346,2025-06-14 15:05:00,47500.0
BNK1348,POS1348,2025-06-14 14:24:00,180000.0
BNK1349,POS1349,2025-06-14 13:59:00,36000.0
BNK1350,POS1350,2025-06-15 11:02:00,36000.0
BNK1351,POS1351,2025-06-15 13:48:00,10000.0
BNK1352,POS1352,2025-06-15 09:01:00,38000.0
BNK1355,POS1355,2025-06-17 07:50:00,11130.0
BNK1356,POS1356,2025-06-15 16:38:00,9500.0
BNK1357,POS1357,2025-06-16 01:09:00,225000.0
BNK1358,POS1358,2025-06-15 18:15:00,10000.0
BNK1359,POS1359,2025-06-15 11:33:00,6400.0
BNK1362,POS1362,2025-06-15 11:22:00,9600.0
BNK1363,POS1363,2025-06-15 20:40:00,36000.0
BNK1364,POS1364,2025-06-15 13:08:00,60000.0
BNK1365,POS1365,2025-06-15 21:11:00,123530.0
BNK1366,POS1366,2025-06-15 22:08:00,38000.0
BNK1367,POS1367,2025-06-15 13:02:00,48000.0
BNK1368,POS1368,2025-06-15 12:32:00,3500.0
BNK1369,POS1369,2025-06-15 11:48:00,12770.0
BNK1371,POS1371,2025-06-15 18:27:00,6000.0
BNK1373,POS1373,2025-06-15 15:59:00,4800.0
BNK1374,POS1374,2025-06-15 13:27:00,2500.0
BNK1375,POS1375,2025-06-16 14:05:00,6000.0
BNK1376,POS1376,2025-06-17 05:45:00,4720.0
BNK1377,POS1377,2025-06-17 19:28:00,5570.0
BNK1378,POS1378,2025-06-16 17:17:00,135000.0
BNK1379,POS1379,2025-06-16 17:23:00,45000.0
BNK1380,POS1380,2025-06-16 22:43:00,1200.0
BNK1381,POS1381,2025-06-16 12:49:00,9500.0
BNK1382,POS1382,2025-06-16 21:02:00,4860.0
BNK1384,POS1384,2025-06-16 19:25:00,60000.0
BNK1385,POS1385,2025-06-16 12:01:00,6000.0
BNK1386,POS1386,2025-06-16 19:07:00,4800.0
BNK1387,POS1387,2025-06-16 16:39:00,7500.0
BNK1388,POS1388,2025-06-16 14:54:00,10000.0
BNK1389,POS1389,2025-06-16 21:28:00,48000.0
BNK1390,POS1390,2025-06-17 01:04:00,36000.0
BNK1392,POS1392,2025-06-16 15:12:00,3600.0
BNK1393,POS1393,2025-06-16 09:23:00,2400.0
BNK1395,POS1395,2025-06-16 22:46:00,12000.0
BNK1396,POS1396,2025-06-16 17:52:00,41220.0
BNK1398,POS1398,2025-06-16 14:08:00,31120.0
BNK1399,POS1399,2025-06-16 13:53:00,2400.0
BNK1400,POS1400,2025-06-17 15:10:00,60000.0
BNK1401,POS1401,2025-06-17 20:57:00,4000.0
BNK1402,POS1402,2025-06-17 23:35:00,2500.0
BNK1403,POS1403,2025-06-17 21:34:00,5000.0
BNK1404,POS1404,2025-06-17 22:37:00,60000.0
BNK1405,POS1405,2025-06-17 22:57:00,2400.0
BNK1406,POS1406,2025-06-17 09:05:00,10000.0
BNK1407,POS1407,2025-06-17 16:49:00,225000.0
BNK1408,POS1408,2025-06-17 18:56:00,16000.0
BNK1409,POS1409,2025-06-18 02:51:00,7500.0
BNK1410,POS1410,2025-06-17 23:03:00,9600.0
BNK1412,POS1412,2025-06-17 20:20:00,10000.0
BNK1413,POS1413,2025-06-17 16:32:00,8000.0
BNK1414,POS1414,2025-06-17 15:17:00,36000.0
BNK1415,POS1415,2025-06-17 14:18:00,19000.0
BNK1416,POS1416,2025-06-17 11:52:00,16000.0
BNK1417,POS1417,2025-06-17 13:48:00,10000.0
BNK1420,POS1420,2025-06-17 18:03:00,19000.0
BNK1421,POS1421,2025-06-18 00:43:00,135000.0
BNK1422,POS1422,2025-06-17 12:27:00,28500.0
BNK1423,POS1423,2025-06-18 00:25:00,3600.0
BNK1424,POS1424,2025-06-17 23:35:00,2000.0
BNK1425,POS1425,2025-06-18 11:24:00,10500.0
BNK1426,POS1426,2025-06-20 11:43:00,40400.0
BNK1430,POS1430,2025-06-18 13:51:00,45000.0
BNK1431,POS1431,2025-06-18 17:57:00,47500.0
BNK1433,POS1433,2025-06-18 18:37:00,16000.0
BNK1436,POS1436,2025-06-19 00:57:00,48000.0
BNK1437,POS1437,2025-06-18 22:50:00,225000.0
BNK1438,POS1438,2025-06-18 15:33:00,3500.0
BNK1440,POS1440,2025-06-18 15:26:00,24000.0
BNK1441,POS1441,2025-06-18 14:32:00,4800.0
BNK1442,POS1442,2025-06-18 22:13:00,9500.0
BNK1443,POS1443,2025-06-18 17:11:00,8000.0
BNK1444,POS1444,2025-06-18 17:43:00,47500.0
BNK1445,POS1445,2025-06-18 16:17:00,12500.0
BNK1447,POS1447,2025-06-18 18:20:00,5000.0
BNK1448,POS1448,2025-06-19 11:46:00,22750.0
BNK1451,POS1451,2025-06-20 00:05:00,3600.0
BNK1452,POS1452,2025-06-19 21:30:00,8000.0
BNK1454,POS1454,2025-06-19 21:37:00,5000.0
BNK1455,POS1455,2025-06-19 16:14:00,7000.0
BNK1456,POS1456,2025-06-19 16:45:00,3500.0
BNK1457,POS1457,2025-06-19 15:00:00,9500.0
BNK1458,POS1458,2025-06-19 18:30:00,4800.0
BNK1459,POS1459,2025-06-20 07:03:00,8690.0
BNK1460,POS1460,2025-06-20 01:46:00,60000.0
BNK1461,POS1461,2025-06-19 13:59:00,90000.0
BNK1462,POS1462,2025-06-19 11:59:00,180000.0
BNK1463,POS1463,2025-06-19 17:38:00,2500.0
BNK1464,POS1464,2025-06-19 18:34:00,36000.0
BNK1466,POS1466,2025-06-20 01:29:00,3500.0
BNK1467,POS1467,2025-06-19 13:50:00,5000.0
BNK1468,POS1468,2025-06-19 14:11:00,12500.0
BNK1469,POS1469,2025-06-19 13:25:00,12800.0
BNK1471,POS1471,2025-06-19 12:28:00,3500.0
BNK1472,POS1472,2025-06-19 19:36:00,7500.0
BNK1473,POS1473,2025-06-19 19:15:00,135000.0
BNK1474,POS1474,2025-06-19 13:25:00,45000.0
BNK1475,POS1475,2025-06-20 15:23:00,2500.0
BNK1477,POS1477,2025-06-21 01:35:00,47500.0
BNK1480,POS1480,2025-06-20 10:58:00,47500.0
BNK1482,POS1482,2025-06-20 17:28:00,2400.0
BNK1483,POS1483,2025-06-20 16:05:00,24000.0
BNK1484,POS1484,2025-06-22 07:26:00,7780.0
BNK1485,POS1485,2025-06-20 19:43:00,47500.0
BNK1486,POS1486,2025-06-20 11:47:00,2500.0
BNK1487,POS1487,2025-06-20 19:22:00,17500.0
BNK1489,POS1489,2025-06-20 12:49:00,9500.0
BNK1490,POS1490,2025-06-20 16:28:00,4800.0
BNK1491,POS1491,2025-06-20 21:55:00,12800.0
BNK1492,POS1492,2025-06-20 17:25:00,3600.0
BNK1494,POS1494,2025-06-20 21:27:00,10000.0
BNK1495,POS1495,2025-06-20 17:09:00,6400.0
BNK1498,POS1498,2025-06-20 14:38:00,90000.0
BNK1499,POS1499,2025-06-20 21:55:00,180000.0
BNK1500,POS1500,2025-06-21 18:28:00,90000.0
BNK1501,POS1501,2025-06-21 21:03:00,17500.0
BNK1503,POS1503,2025-06-21 23:52:00,10000.0
BNK1504,POS1504,2025-06-21 12:42:00,4000.0
BNK1505,POS1505,2025-06-21 09:35:00,14000.0
BNK1506,POS1506,2025-06-21 13:22:00,4800.0
BNK1507,POS1507,2025-06-21 15:26:00,16000.0
BNK1508,POS1508,2025-06-22 01:34:00,3600.0
BNK1511,POS1511,2025-06-21 19:15:00,16000.0
BNK1512,POS1512,2025-06-22 16:59:00,4400.0
BNK1513,POS1513,2025-06-22 00:53:00,28500.0
BNK1514,POS1514,2025-06-21 23:38:00,3500.0
BNK1515,POS1515,2025-06-22 02:37:00,45000.0
BNK1516,POS1516,2025-06-21 19:19:00,14000.0
BNK1518,POS1518,2025-06-21 19:13:00,19000.0
BNK1519,POS1519,2025-06-21 20:18:00,6400.0
BNK1520,POS1520,2025-06-21 13:19:00,12800.0
BNK1521,POS1521,2025-06-21 16:29:00,7500.0
BNK1522,POS1522,2025-06-21 19:58:00,48000.0
BNK1523,POS1523,2025-06-21 10:36:00,10500.0
BNK1524,POS1524,2025-06-21 17:59:00,7000.0
BNK1525,POS1525,2025-06-22 18:14:00,9600.0
BNK1527,POS1527,2025-06-22 16:46:00,6000.0
BNK1528,POS1528,2025-06-22 20:22:00,38000.0
BNK1529,POS1529,2025-06-22 18:11:00,2400.0
BNK1530,POS1530,2025-06-24 09:52:00,174690.0
BNK1531,POS1531,2025-06-22 19:14:00,45000.0
BNK1532,POS1532,2025-06-22 20:29:00,24000.0
BNK1533,POS1533,2025-06-22 22:59:00,2000.0
BNK1534,POS1534,2025-06-22 22:35:00,38000.0
BNK1535,POS1535,2025-06-23 00:17:00,3200.0
BNK1536,POS1536,2025-06-22 22:43:00,2500.0
BNK1537,POS1537,2025-06-22 15:33:00,6400.0
BNK1538,POS1538,2025-06-22 18:16:00,2400.0
BNK1539,POS1539,2025-06-22 09:23:00,6000.0
BNK1541,POS1541,2025-06-22 22:48:00,2500.0
BNK1542,POS1542,2025-06-22 20:35:00,45000.0
BNK1543,POS1543,2025-06-23 01:10:00,9500.0
BNK1546,POS1546,2025-06-23 00:56:00,90000.0
BNK1547,POS1547,2025-06-22 14:43:00,28500.0
BNK1548,POS1548,2025-06-22 12:11:00,12500.0
BNK1550,POS1550,2025-06-23 21:15:00,3200.0
BNK1551,POS1551,2025-06-24 01:47:00,16000.0
BNK1552,POS1552,2025-06-23 15:03:00,1200.0
BNK1553,POS1553,2025-06-23 14:21:00,48000.0
BNK1554,POS1554,2025-06-25 12:50:00,7270.0
BNK1555,POS1555,2025-06-23 19:24:00,38000.0
BNK1557,POS1557,2025-06-23 13:45:00,60000.0
BNK1558,POS1558,2025-06-23 18:45:00,12000.0
BNK1559,POS1559,2025-06-23 09:05:00,4800.0
BNK1560,POS1560,2025-06-24 01:17:00,135000.0
BNK1561,POS1561,2025-06-23 14:28:00,24000.0
BNK1562,POS1562,2025-06-23 15:35:00,3200.0
BNK1563,POS1563,2025-06-23 19:55:00,60000.0
BNK1564,POS1564,2025-06-23 18:49:00,3200.0
BNK1566,POS1566,2025-06-23 14:19:00,4800.0
BNK1567,POS1567,2025-06-23 14:27:00,10000.0
BNK1568,POS1568,2025-06-23 20:04:00,10000.0
BNK1570,POS1570,2025-06-23 17:06:00,47500.0
BNK1571,POS1571,2025-06-23 15:21:00,3600.0
BNK1572,POS1572,2025-06-23 20:52:00,9600.0
BNK1573,POS1573,2025-06-23 22:12:00,3600.0
BNK1574,POS1574,2025-06-23 17:20:00,28500.0
BNK1576,POS1576,2025-06-25 10:25:00,7250.0
BNK1578,POS1578,2025-06-24 21:29:00,6000.0
BNK1579,POS1579,2025-06-24 20:04:00,14000.0
BNK1580,POS1580,2025-06-24 16:15:00,12800.0
BNK1581,POS1581,2025-06-25 00:24:00,5000.0
BNK1583,POS1583,2025-06-25 00:26:00,16000.0
BNK1585,POS1585,2025-06-24 21:42:00,12000.0
BNK1586,POS1586,2025-06-24 13:36:00,4000.0
BNK1588,POS1588,2025-06-24 20:47:00,45000.0
BNK1589,POS1589,2025-06-24 15:49:00,14000.0
BNK1592,POS1592,2025-06-24 17:50:00,3600.0
BNK1593,POS1593,2025-06-24 21:06:00,17500.0
BNK1594,POS1594,2025-06-24 15:02:00,38000.0
BNK1596,POS1596,2025-06-24 21:10:00,2400.0
BNK1597,POS1597,2025-06-24 19:14:00,10000.0
BNK1598,POS1598,2025-06-24 20:27:00,6400.0
BNK1599,POS1599,2025-06-24 15:28:00,3200.0
BNK1600,POS1600,2025-06-25 11:13:00,12800.0
BNK1601,POS1601,2025-06-26 01:55:00,2500.0
BNK1602,POS1602,2025-06-25 19:07:00,3600.0
BNK1603,POS1603,2025-06-27 05:20:00,9310.0
BNK1604,POS1604,2025-06-25 14:22:00,16000.0
BNK1605,POS1605,2025-06-26 08:45:00,6530.0
BNK1606,POS1606,2025-06-25 21:08:00,12500.0
BNK1607,POS1607,2025-06-25 10:11:00,2000.0
BNK1608,POS1608,2025-06-25 19:38:00,4000.0
BNK1609,POS1609,2025-06-25 15:31:00,6000.0
BNK1610,POS1610,2025-06-25 17:08:00,6000.0
BNK1612,POS1612,2025-06-25 11:52:00,2000.0
BNK1613,POS1613,2025-06-25 16:26:00,16000.0
BNK1615,POS1615,2025-06-25 20:48:00,1200.0
BNK1616,POS1616,2025-06-26 04:34:00,9860.0
BNK1617,POS1617,2025-06-25 21:47:00,5000.0
BNK1618,POS1618,2025-06-25 19:07:00,47500.0
BNK1620,POS1620,2025-06-25 17:06:00,180000.0
BNK1623,POS1623,2025-06-25 22:37:00,24000.0
BNK1624,POS1624,2025-06-25 13:39:00,10000.0
BNK1626,POS1626,2025-06-26 20:10:00,10000.0
BNK1630,POS1630,2025-06-26 13:53:00,2400.0
BNK1631,POS1631,2025-06-26 21:40:00,14000.0
BNK1633,POS1633,2025-06-26 14:44:00,48000.0
BNK1635,POS1635,2025-06-26 15:40:00,45000.0
BNK1636,POS1636,2025-06-26 19:13:00,2000.0
BNK1637,POS1637,2025-06-26 13:53:00,6400.0
BNK1638,POS1638,2025-06-26 13:36:00,7500.0
BNK1640,POS1640,2025-06-26 21:01:00,45000.0
BNK1641,POS1641,2025-06-26 11:27:00,24000.0
BNK1643,POS1643,2025-06-26 13:05:00,2500.0
BNK1644,POS1644,2025-06-26 21:19:00,4000.0
BNK1645,POS1645,2025-06-27 01:06:00,14000.0
BNK1646,POS1646,2025-06-26 15:37:00,90000.0
BNK1647,POS1647,2025-06-26 13:00:00,17500.0
BNK1649,POS1649,2025-06-26 20:05:00,4800.0
BNK1650,POS1650,2025-06-27 17:08:00,12000.0
BNK1651,POS1651,2025-06-27 18:09:00,6400.0
BNK1652,POS1652,2025-06-27 21:41:00,60000.0
BNK1653,POS1653,2025-06-27 11:40:00,4800.0
BNK1656,POS1656,2025-06-27 17:27:00,60000.0
BNK1657,POS1657,2025-06-27 18:05:00,4000.0
BNK1658,POS1658,2025-06-28 00:38:00,17500.0
BNK1660,POS1660,2025-06-27 21:12:00,5000.0
BNK1661,POS1661,2025-06-27 23:57:00,9600.0
BNK1662,POS1662,2025-06-27 17:31:00,14000.0
BNK1664,POS1664,2025-06-27 18:26:00,4000.0
BNK1665,POS1665,2025-06-28 00:30:00,10000.0
BNK1666,POS1666,2025-06-27 09:16:00,12000.0
BNK1668,POS1668,2025-06-29 03:44:00,10200.0
BNK1669,POS1669,2025-06-27 22:39:00,3200.0
BNK1670,POS1670,2025-06-27 13:32:00,3600.0
BNK1671,POS1671,2025-06-27 18:37:00,7000.0
BNK1672,POS1672,2025-06-28 12:54:00,29360.0
BNK1673,POS1673,2025-06-28 22:07:00,2820.0
BNK1674,POS1674,2025-06-27 14:42:00,47500.0
BNK1675,POS1675,2025-06-28 15:44:00,1200.0
BNK1676,POS1676,2025-06-28 15:33:00,90000.0
BNK1677,POS1677,2025-06-28 20:49:00,5000.0
BNK1678,POS1678,2025-06-28 11:21:00,2500.0
BNK1679,POS1679,2025-06-28 17:45:00,9600.0
BNK1680,POS1680,2025-06-28 17:03:00,48000.0
BNK1681,POS1681,2025-06-28 14:16:00,47500.0
BNK1682,POS1682,2025-06-28 11:14:00,60000.0
BNK1684,POS1684,2025-06-28 11:11:00,180000.0
BNK1688,POS1688,2025-06-28 09:11:00,60000.0
BNK1690,POS1690,2025-06-28 17:20:00,28500.0
BNK1691,POS1691,2025-06-28 19:12:00,60000.0
BNK1692,POS1692,2025-06-29 00:39:00,12500.0
BNK1693,POS1693,2025-06-28 18:49:00,14000.0
BNK1694,POS1694,2025-06-28 13:09:00,17500.0
BNK1695,POS1695,2025-06-28 19:22:00,180000.0
BNK1696,POS1696,2025-06-28 19:24:00,135000.0
BNK1697,POS1697,2025-06-28 11:26:00,2500.0
BNK1699,POS1699,2025-06-28 17:57:00,2500.0
BNK1700,POS1700,2025-06-29 23:05:00,9600.0
BNK1701,POS1701,2025-06-29 19:04:00,60000.0
BNK1702,POS1702,2025-06-29 10:15:00,180000.0
BNK1704,POS1704,2025-06-29 11:04:00,6000.0
BNK1705,POS1705,2025-06-29 22:06:00,7000.0
BNK1707,POS1707,2025-06-29 23:13:00,3200.0
BNK1708,POS1708,2025-06-29 10:05:00,28500.0
BNK1712,POS1712,2025-06-29 14:01:00,135000.0
BNK1713,POS1713,2025-06-29 20:15:00,12800.0
BNK1714,POS1714,2025-06-30 02:08:00,48000.0
BNK1715,POS1715,2025-06-29 23:14:00,12000.0
BNK1717,POS1717,2025-06-29 15:01:00,60000.0
BNK1721,POS1721,2025-06-29 20:43:00,12800.0
BNK1722,POS1722,2025-06-29 13:17:00,6400.0
BNK1724,POS1724,2025-06-29 16:30:00,10500.0
BNK1725,POS1725,2025-06-30 14:26:00,45000.0
BNK1727,POS1727,2025-06-30 19:30:00,180000.0
BNK1729,POS1729,2025-06-30 18:38:00,9600.0
BNK1731,POS1731,2025-07-01 00:37:00,180000.0
BNK1732,POS1732,2025-06-30 19:15:00,7000.0
BNK1735,POS1735,2025-06-30 21:20:00,4000.0
BNK1736,POS1736,2025-06-30 20:22:00,10000.0
BNK1738,POS1738,2025-06-30 18:02:00,47500.0
BNK1739,POS1739,2025-06-30 11:01:00,12000.0
BNK1740,POS1740,2025-06-30 20:12:00,9500.0
BNK1741,POS1741,2025-06-30 22:54:00,3600.0
BNK1742,POS1742,2025-06-30 17:45:00,2000.0
BNK1744,POS1744,2025-06-30 17:19:00,8000.0
BNK1746,POS1746,2025-06-30 18:44:00,28500.0
BNK1747,POS1747,2025-06-30 13:24:00,4000.0
BNK1748,POS1748,2025-06-30 19:00:00,7500.0
BNK1749,POS1749,2025-06-30 19:20:00,16000.0
BNK-PHANTOM-0,,2025-06-04 19:00:00,14600.0
BNK-PHANTOM-1,,2025-06-21 12:00:00,12900.0
BNK-PHANTOM-2,,2025-06-09 17:00:00,9100.0
BNK-PHANTOM-3,,2025-06-06 14:00:00,10500.0
